,DAY_WITHIN_SEASON,GAME_DATE,GAME_ID,T1_IS_HOME,T1_L,T1_L_cum,T1_PLUS_MINUS,T1_PTS,T1_TEAM_ID,T1_TEAM_NAME,T1_W,T1_W_cum,T1_lag08_AST,T1_lag08_BLK,T1_lag08_DREB,T1_lag08_FG_PCT,T1_lag08_FT_PCT,T1_lag08_GP,T1_lag08_OREB,T1_lag08_PLUS_MINUS,T1_lag08_PLUS_MINUS_RANK,T1_lag08_PTS,T1_lag08_PTS_RANK,T1_lag08_REB,T1_lag08_STL,T1_lag08_TOV,T1_lag08_W_PCT,T1_lag08_W_PCT_RANK,T1_lag16_AST,T1_lag16_BLK,T1_lag16_DREB,T1_lag16_FG_PCT,T1_lag16_FT_PCT,T1_lag16_GP,T1_lag16_OREB,T1_lag16_PLUS_MINUS,T1_lag16_PLUS_MINUS_RANK,T1_lag16_PTS,T1_lag16_PTS_RANK,T1_lag16_REB,T1_lag16_STL,T1_lag16_TOV,T1_lag16_W_PCT,T1_lag16_W_PCT_RANK,T1_lag180_AST,T1_lag180_BLK,T1_lag180_DREB,T1_lag180_FG_PCT,T1_lag180_FT_PCT,T1_lag180_GP,T1_lag180_OREB,T1_lag180_PLUS_MINUS,T1_lag180_PLUS_MINUS_RANK,T1_lag180_PTS,T1_lag180_PTS_RANK,T1_lag180_REB,T1_lag180_STL,T1_lag180_TOV,T1_lag180_W_PCT,T1_lag180_W_PCT_RANK,T1_lag32_AST,T1_lag32_BLK,T1_lag32_DREB,T1_lag32_FG_PCT,T1_lag32_FT_PCT,T1_lag32_GP,T1_lag32_OREB,T1_lag32_PLUS_MINUS,T1_lag32_PLUS_MINUS_RANK,T1_lag32_PTS,T1_lag32_PTS_RANK,T1_lag32_REB,T1_lag32_STL,T1_lag32_TOV,T1_lag32_W_PCT,T1_lag32_W_PCT_RANK,T1_lag64_AST,T1_lag64_BLK,T1_lag64_DREB,T1_lag64_FG_PCT,T1_lag64_FT_PCT,T1_lag64_GP,T1_lag64_OREB,T1_lag64_PLUS_MINUS,T1_lag64_PLUS_MINUS_RANK,T1_lag64_PTS,T1_lag64_PTS_RANK,T1_lag64_REB,T1_lag64_STL,T1_lag64_TOV,T1_lag64_W_PCT,T1_lag64_W_PCT_RANK,T2_IS_HOME,T2_L,T2_L_cum,T2_PLUS_MINUS,T2_PTS,T2_TEAM_ID,T2_TEAM_NAME,T2_W,T2_W_cum,T2_lag08_AST,T2_lag08_BLK,T2_lag08_DREB,T2_lag08_FG_PCT,T2_lag08_FT_PCT,T2_lag08_GP,T2_lag08_OREB,T2_lag08_PLUS_MINUS,T2_lag08_PLUS_MINUS_RANK,T2_lag08_PTS,T2_lag08_PTS_RANK,T2_lag08_REB,T2_lag08_STL,T2_lag08_TOV,T2_lag08_W_PCT,T2_lag08_W_PCT_RANK,T2_lag16_AST,T2_lag16_BLK,T2_lag16_DREB,T2_lag16_FG_PCT,T2_lag16_FT_PCT,T2_lag16_GP,T2_lag16_OREB,T2_lag16_PLUS_MINUS,T2_lag16_PLUS_MINUS_RANK,T2_lag16_PTS,T2_lag16_PTS_RANK,T2_lag16_REB,T2_lag16_STL,T2_lag16_TOV,T2_lag16_W_PCT,T2_lag16_W_PCT_RANK,T2_lag180_AST,T2_lag180_BLK,T2_lag180_DREB,T2_lag180_FG_PCT,T2_lag180_FT_PCT,T2_lag180_GP,T2_lag180_OREB,T2_lag180_PLUS_MINUS,T2_lag180_PLUS_MINUS_RANK,T2_lag180_PTS,T2_lag180_PTS_RANK,T2_lag180_REB,T2_lag180_STL,T2_lag180_TOV,T2_lag180_W_PCT,T2_lag180_W_PCT_RANK,T2_lag32_AST,T2_lag32_BLK,T2_lag32_DREB,T2_lag32_FG_PCT,T2_lag32_FT_PCT,T2_lag32_GP,T2_lag32_OREB,T2_lag32_PLUS_MINUS,T2_lag32_PLUS_MINUS_RANK,T2_lag32_PTS,T2_lag32_PTS_RANK,T2_lag32_REB,T2_lag32_STL,T2_lag32_TOV,T2_lag32_W_PCT,T2_lag32_W_PCT_RANK,T2_lag64_AST,T2_lag64_BLK,T2_lag64_DREB,T2_lag64_FG_PCT,T2_lag64_FT_PCT,T2_lag64_GP,T2_lag64_OREB,T2_lag64_PLUS_MINUS,T2_lag64_PLUS_MINUS_RANK,T2_lag64_PTS,T2_lag64_PTS_RANK,T2_lag64_REB,T2_lag64_STL,T2_lag64_TOV,T2_lag64_W_PCT,T2_lag64_W_PCT_RANK
0,0,2010-04-17,40900101,True,0,0.0,13,96,1610612739,Cleveland Cavaliers,1,0.0,,,,,,,,,,,,,,,,,,,,,,,,,,,,,,,,,,,,,,,,,,,,,,,,,,,,,,,,,,,,,,,,,,,,,,,,,,,,,,,,,False,1,0.0,-13,83,1610612741,Chicago Bulls,0,0.0,,,,,,,,,,,,,,,,,,,,,,,,,,,,,,,,,,,,,,,,,,,,,,,,,,,,,,,,,,,,,,,,,,,,,,,,,,,,,,,,
1,0,2010-04-17,40900121,True,0,0.0,10,102,1610612737,Atlanta Hawks,1,0.0,,,,,,,,,,,,,,,,,,,,,,,,,,,,,,,,,,,,,,,,,,,,,,,,,,,,,,,,,,,,,,,,,,,,,,,,,,,,,,,,,False,1,0.0,-10,92,1610612749,Milwaukee Bucks,0,0.0,,,,,,,,,,,,,,,,,,,,,,,,,,,,,,,,,,,,,,,,,,,,,,,,,,,,,,,,,,,,,,,,,,,,,,,,,,,,,,,,
2,0,2010-04-17,40900131,True,0,0.0,9,85,1610612738,Boston Celtics,1,0.0,,,,,,,,,,,,,,,,,,,,,,,,,,,,,,,,,,,,,,,,,,,,,,,,,,,,,,,,,,,,,,,,,,,,,,,,,,,,,,,,,False,1,0.0,-9,76,1610612748,Miami Heat,0,0.0,,,,,,,,,,,,,,,,,,,,,,,,,,,,,,,,,,,,,,,,,,,,,,,,,,,,,,,,,,,,,,,,,,,,,,,,,,,,,,,,
3,0,2010-04-17,40900171,True,0,0.0,13,126,1610612743,Denver Nuggets,1,0.0,,,,,,,,,,,,,,,,,,,,,,,,,,,,,,,,,,,,,,,,,,,,,,,,,,,,,,,,,,,,,,,,,,,,,,,,,,,,,,,,,False,1,0.0,-13,113,1610612762,Utah Jazz,0,0.0,,,,,,,,,,,,,,,,,,,,,,,,,,,,,,,,,,,,,,,,,,,,,,,,,,,,,,,,,,,,,,,,,,,,,,,,,,,,,,,,
4,1,2010-04-18,40900111,True,0,0.0,9,98,1610612753,Orlando Magic,1,0.0,,,,,,,,,,,,,,,,,,,,,,,,,,,,,,,,,,,,,,,,,,,,,,,,,,,,,,,,,,,,,,,,,,,,,,,,,,,,,,,,,False,1,0.0,-9,89,1610612766,Charlotte Bobcats,0,0.0,,,,,,,,,,,,,,,,,,,,,,,,,,,,,,,,,,,,,,,,,,,,,,,,,,,,,,,,,,,,,,,,,,,,,,,,,,,,,,,,
5,1,2010-04-18,40900141,True,0,0.0,8,87,1610612747,Los Angeles Lakers,1,0.0,,,,,,,,,,,,,,,,,,,,,,,,,,,,,,,,,,,,,,,,,,,,,,,,,,,,,,,,,,,,,,,,,,,,,,,,,,,,,,,,,False,1,0.0,-8,79,1610612760,Oklahoma City Thunder,0,0.0,,,,,,,,,,,,,,,,,,,,,,,,,,,,,,,,,,,,,,,,,,,,,,,,,,,,,,,,,,,,,,,,,,,,,,,,,,,,,,,,
6,1,2010-04-18,40900151,True,0,0.0,6,100,1610612742,Dallas Mavericks,1,0.0,,,,,,,,,,,,,,,,,,,,,,,,,,,,,,,,,,,,,,,,,,,,,,,,,,,,,,,,,,,,,,,,,,,,,,,,,,,,,,,,,False,1,0.0,-6,94,1610612759,San Antonio Spurs,0,0.0,,,,,,,,,,,,,,,,,,,,,,,,,,,,,,,,,,,,,,,,,,,,,,,,,,,,,,,,,,,,,,,,,,,,,,,,,,,,,,,,
7,1,2010-04-18,40900161,True,1,0.0,-5,100,1610612756,Phoenix Suns,0,0.0,,,,,,,,,,,,,,,,,,,,,,,,,,,,,,,,,,,,,,,,,,,,,,,,,,,,,,,,,,,,,,,,,,,,,,,,,,,,,,,,,False,0,0.0,5,105,1610612757,Portland Trail Blazers,1,0.0,,,,,,,,,,,,,,,,,,,,,,,,,,,,,,,,,,,,,,,,,,,,,,,,,,,,,,,,,,,,,,,,,,,,,,,,,,,,,,,,
8,2,2010-04-19,40900102,True,0,0.0,10,112,1610612739,Cleveland Cavaliers,1,1.0,0.56,0.25,0.77,0.464,0.706,1.0,0.27,0.27,1.0,2.0,8.0,1.04,0.15,0.38,1.0,1.0,0.56,0.25,0.77,0.464,0.706,1.0,0.27,0.27,1.0,2.0,8.0,1.04,0.15,0.38,1.0,1.0,0.56,0.25,0.77,0.464,0.706,1.0,0.27,0.27,1.0,2.0,8.0,1.04,0.15,0.38,1.0,1.0,0.56,0.25,0.77,0.464,0.706,1.0,0.27,0.27,1.0,2.0,8.0,1.04,0.15,0.38,1.0,1.0,0.56,0.25,0.77,0.464,0.706,1.0,0.27,0.27,1.0,2.0,8.0,1.04,0.15,0.38,1.0,1.0,False,1,1.0,-10,102,1610612741,Chicago Bulls,0,0.0,0.4,0.08,0.65,0.425,0.727,1.0,0.15,-0.27,15.0,1.73,14.0,0.79,0.25,0.29,0.0,9.0,0.4,0.08,0.65,0.425,0.727,1.0,0.15,-0.27,15.0,1.73,14.0,0.79,0.25,0.29,0.0,9.0,0.4,0.08,0.65,0.425,0.727,1.0,0.15,-0.27,15.0,1.73,14.0,0.79,0.25,0.29,0.0,9.0,0.4,0.08,0.65,0.425,0.727,1.0,0.15,-0.27,15.0,1.73,14.0,0.79,0.25,0.29,0.0,9.0,0.4,0.08,0.65,0.425,0.727,1.0,0.15,-0.27,15.0,1.73,14.0,0.79,0.25,0.29,0.0,9.0
9,2,2010-04-19,40900172,True,1,0.0,-3,111,1610612743,Denver Nuggets,0,1.0,0.6,0.06,0.67,0.571,0.76,1.0,0.21,0.27,1.0,2.63,1.0,0.88,0.13,0.17,1.0,1.0,0.6,0.06,0.67,0.571,0.76,1.0,0.21,0.27,1.0,2.63,1.0,0.88,0.13,0.17,1.0,1.0,0.6,0.06,0.67,0.571,0.76,1.0,0.21,0.27,1.0,2.63,1.0,0.88,0.13,0.17,1.0,1.0,0.6,0.06,0.67,0.571,0.76,1.0,0.21,0.27,1.0,2.63,1.0,0.88,0.13,0.17,1.0,1.0,0.6,0.06,0.67,0.571,0.76,1.0,0.21,0.27,1.0,2.63,1.0,0.88,0.13,0.17,1.0,1.0,False,0,1.0,3,114,1610612762,Utah Jazz,1,0.0,0.54,0.13,0.56,0.547,0.75,1.0,0.08,-0.27,15.0,2.35,2.0,0.65,0.08,0.21,0.0,9.0,0.54,0.13,0.56,0.547,0.75,1.0,0.08,-0.27,15.0,2.35,2.0,0.65,0.08,0.21,0.0,9.0,0.54,0.13,0.56,0.547,0.75,1.0,0.08,-0.27,15.0,2.35,2.0,0.65,0.08,0.21,0.0,9.0,0.54,0.13,0.56,0.547,0.75,1.0,0.08,-0.27,15.0,2.35,2.0,0.65,0.08,0.21,0.0,9.0,0.54,0.13,0.56,0.547,0.75,1.0,0.08,-0.27,15.0,2.35,2.0,0.65,0.08,0.21,0.0,9.0
10,3,2010-04-20,40900122,True,0,0.0,10,96,1610612737,Atlanta Hawks,1,1.0,0.38,0.23,0.6,0.539,0.737,1.0,0.23,0.21,2.0,2.13,5.0,0.83,0.17,0.27,1.0,1.0,0.38,0.23,0.6,0.539,0.737,1.0,0.23,0.21,2.0,2.13,5.0,0.83,0.17,0.27,1.0,1.0,0.38,0.23,0.6,0.539,0.737,1.0,0.23,0.21,2.0,2.13,5.0,0.83,0.17,0.27,1.0,1.0,0.38,0.23,0.6,0.539,0.737,1.0,0.23,0.21,2.0,2.13,5.0,0.83,0.17,0.27,1.0,1.0,0.38,0.23,0.6,0.539,0.737,1.0,0.23,0.21,2.0,2.13,5.0,0.83,0.17,0.27,1.0,1.0,False,1,1.0,-10,86,1610612749,Milwaukee Bucks,0,0.0,0.23,0.02,0.5,0.451,0.706,1.0,0.23,-0.21,15.0,1.92,11.0,0.73,0.23,0.29,0.0,10.0,0.23,0.02,0.5,0.451,0.706,1.0,0.23,-0.21,15.0,1.92,11.0,0.73,0.23,0.29,0.0,10.0,0.23,0.02,0.5,0.451,0.706,1.0,0.23,-0.21,15.0,1.92,11.0,0.73,0.23,0.29,0.0,10.0,0.23,0.02,0.5,0.451,0.706,1.0,0.23,-0.21,15.0,1.92,11.0,0.73,0.23,0.29,0.0,10.0,0.23,0.02,0.5,0.451,0.706,1.0,0.23,-0.21,15.0,1.92,11.0,0.73,0.23,0.29,0.0,10.0
11,3,2010-04-20,40900132,True,0,0.0,29,106,1610612738,Boston Celtics,1,1.0,0.38,0.13,0.67,0.443,0.786,1.0,0.1,0.19,3.0,1.77,14.0,0.77,0.23,0.35,1.0,1.0,0.38,0.13,0.67,0.443,0.786,1.0,0.1,0.19,3.0,1.77,14.0,0.77,0.23,0.35,1.0,1.0,0.38,0.13,0.67,0.443,0.786,1.0,0.1,0.19,3.0,1.77,14.0,0.77,0.23,0.35,1.0,1.0,0.38,0.13,0.67,0.443,0.786,1.0,0.1,0.19,3.0,1.77,14.0,0.77,0.23,0.35,1.0,1.0,0.38,0.13,0.67,0.443,0.786,1.0,0.1,0.19,3.0,1.77,14.0,0.77,0.23,0.35,1.0,1.0,False,1,1.0,-29,77,1610612748,Miami Heat,0,0.0,0.38,0.1,0.58,0.397,0.769,1.0,0.25,-0.19,13.0,1.58,16.0,0.83,0.19,0.46,0.0,10.0,0.38,0.1,0.58,0.397,0.769,1.0,0.25,-0.19,13.0,1.58,16.0,0.83,0.19,0.46,0.0,10.0,0.38,0.1,0.58,0.397,0.769,1.0,0.25,-0.19,13.0,1.58,16.0,0.83,0.19,0.46,0.0,10.0,0.38,0.1,0.58,0.397,0.769,1.0,0.25,-0.19,13.0,1.58,16.0,0.83,0.19,0.46,0.0,10.0,0.38,0.1,0.58,0.397,0.769,1.0,0.25,-0.19,13.0,1.58,16.0,0.83,0.19,0.46,0.0,10.0
12,3,2010-04-20,40900142,True,0,0.0,3,95,1610612747,Los Angeles Lakers,1,1.0,0.29,0.17,0.6,0.41,0.682,1.0,0.25,0.17,5.0,1.81,13.0,0.85,0.13,0.29,1.0,1.0,0.29,0.17,0.6,0.41,0.682,1.0,0.25,0.17,5.0,1.81,13.0,0.85,0.13,0.29,1.0,1.0,0.29,0.17,0.6,0.41,0.682,1.0,0.25,0.17,5.0,1.81,13.0,0.85,0.13,0.29,1.0,1.0,0.29,0.17,0.6,0.41,0.682,1.0,0.25,0.17,5.0,1.81,13.0,0.85,0.13,0.29,1.0,1.0,0.29,0.17,0.6,0.41,0.682,1.0,0.25,0.17,5.0,1.81,13.0,0.85,0.13,0.29,1.0,1.0,False,1,1.0,-3,92,1610612760,Oklahoma City Thunder,0,0.0,0.29,0.06,0.56,0.403,0.792,1.0,0.19,-0.17,12.0,1.65,15.0,0.75,0.13,0.31,0.0,10.0,0.29,0.06,0.56,0.403,0.792,1.0,0.19,-0.17,12.0,1.65,15.0,0.75,0.13,0.31,0.0,10.0,0.29,0.06,0.56,0.403,0.792,1.0,0.19,-0.17,12.0,1.65,15.0,0.75,0.13,0.31,0.0,10.0,0.29,0.06,0.56,0.403,0.792,1.0,0.19,-0.17,12.0,1.65,15.0,0.75,0.13,0.31,0.0,10.0,0.29,0.06,0.56,0.403,0.792,1.0,0.19,-0.17,12.0,1.65,15.0,0.75,0.13,0.31,0.0,10.0
13,3,2010-04-20,40900162,True,0,1.0,29,119,1610612756,Phoenix Suns,1,0.0,0.42,0.08,0.63,0.418,0.813,1.0,0.35,-0.1,9.0,2.08,6.0,0.98,0.02,0.25,0.0,10.0,0.42,0.08,0.63,0.418,0.813,1.0,0.35,-0.1,9.0,2.08,6.0,0.98,0.02,0.25,0.0,10.0,0.42,0.08,0.63,0.418,0.813,1.0,0.35,-0.1,9.0,2.08,6.0,0.98,0.02,0.25,0.0,10.0,0.42,0.08,0.63,0.418,0.813,1.0,0.35,-0.1,9.0,2.08,6.0,0.98,0.02,0.25,0.0,10.0,0.42,0.08,0.63,0.418,0.813,1.0,0.35,-0.1,9.0,2.08,6.0,0.98,0.02,0.25,0.0,10.0,False,1,0.0,-29,90,1610612757,Portland Trail Blazers,0,1.0,0.33,0.15,0.71,0.469,0.742,1.0,0.21,0.1,7.0,2.19,3.0,0.92,0.1,0.23,1.0,1.0,0.33,0.15,0.71,0.469,0.742,1.0,0.21,0.1,7.0,2.19,3.0,0.92,0.1,0.23,1.0,1.0,0.33,0.15,0.71,0.469,0.742,1.0,0.21,0.1,7.0,2.19,3.0,0.92,0.1,0.23,1.0,1.0,0.33,0.15,0.71,0.469,0.742,1.0,0.21,0.1,7.0,2.19,3.0,0.92,0.1,0.23,1.0,1.0,0.33,0.15,0.71,0.469,0.742,1.0,0.21,0.1,7.0,2.19,3.0,0.92,0.1,0.23,1.0,1.0
14,4,2010-04-21,40900112,True,0,0.0,15,92,1610612753,Orlando Magic,1,1.0,0.27,0.21,0.54,0.446,0.704,1.0,0.17,0.19,5.0,2.04,7.0,0.71,0.13,0.19,1.0,1.0,0.27,0.21,0.54,0.446,0.704,1.0,0.17,0.19,5.0,2.04,7.0,0.71,0.13,0.19,1.0,1.0,0.27,0.21,0.54,0.446,0.704,1.0,0.17,0.19,5.0,2.04,7.0,0.71,0.13,0.19,1.0,1.0,0.27,0.21,0.54,0.446,0.704,1.0,0.17,0.19,5.0,2.04,7.0,0.71,0.13,0.19,1.0,1.0,0.27,0.21,0.54,0.446,0.704,1.0,0.17,0.19,5.0,2.04,7.0,0.71,0.13,0.19,1.0,1.0,False,1,1.0,-15,77,1610612766,Charlotte Bobcats,0,0.0,0.4,0.1,0.65,0.465,0.714,1.0,0.21,-0.19,12.0,1.85,13.0,0.85,0.06,0.33,0.0,11.0,0.4,0.1,0.65,0.465,0.714,1.0,0.21,-0.19,12.0,1.85,13.0,0.85,0.06,0.33,0.0,11.0,0.4,0.1,0.65,0.465,0.714,1.0,0.21,-0.19,12.0,1.85,13.0,0.85,0.06,0.33,0.0,11.0,0.4,0.1,0.65,0.465,0.714,1.0,0.21,-0.19,12.0,1.85,13.0,0.85,0.06,0.33,0.0,11.0,0.4,0.1,0.65,0.465,0.714,1.0,0.21,-0.19,12.0,1.85,13.0,0.85,0.06,0.33,0.0,11.0
15,4,2010-04-21,40900152,True,1,0.0,-14,88,1610612742,Dallas Mavericks,0,1.0,0.48,0.08,0.67,0.473,0.735,1.0,0.27,0.13,6.0,2.08,5.0,0.94,0.21,0.31,1.0,1.0,0.48,0.08,0.67,0.473,0.735,1.0,0.27,0.13,6.0,2.08,5.0,0.94,0.21,0.31,1.0,1.0,0.48,0.08,0.67,0.473,0.735,1.0,0.27,0.13,6.0,2.08,5.0,0.94,0.21,0.31,1.0,1.0,0.48,0.08,0.67,0.473,0.735,1.0,0.27,0.13,6.0,2.08,5.0,0.94,0.21,0.31,1.0,1.0,0.48,0.08,0.67,0.473,0.735,1.0,0.27,0.13,6.0,2.08,5.0,0.94,0.21,0.31,1.0,1.0,False,0,1.0,14,102,1610612759,San Antonio Spurs,1,0.0,0.4,0.02,0.6,0.5,0.857,1.0,0.17,-0.13,11.0,1.96,10.0,0.77,0.15,0.35,0.0,11.0,0.4,0.02,0.6,0.5,0.857,1.0,0.17,-0.13,11.0,1.96,10.0,0.77,0.15,0.35,0.0,11.0,0.4,0.02,0.6,0.5,0.857,1.0,0.17,-0.13,11.0,1.96,10.0,0.77,0.15,0.35,0.0,11.0,0.4,0.02,0.6,0.5,0.857,1.0,0.17,-0.13,11.0,1.96,10.0,0.77,0.15,0.35,0.0,11.0,0.4,0.02,0.6,0.5,0.857,1.0,0.17,-0.13,11.0,1.96,10.0,0.77,0.15,0.35,0.0,11.0
16,5,2010-04-22,40900103,False,1,0.0,-2,106,1610612739,Cleveland Cavaliers,0,2.0,0.53,0.22,0.71,0.51,0.829,2.0,0.19,0.24,4.0,2.17,4.0,0.9,0.09,0.31,1.0,1.0,0.53,0.22,0.71,0.51,0.829,2.0,0.19,0.24,4.0,2.17,4.0,0.9,0.09,0.31,1.0,1.0,0.53,0.22,0.71,0.51,0.829,2.0,0.19,0.24,4.0,2.17,4.0,0.9,0.09,0.31,1.0,1.0,0.53,0.22,0.71,0.51,0.829,2.0,0.19,0.24,4.0,2.17,4.0,0.9,0.09,0.31,1.0,1.0,0.53,0.22,0.71,0.51,0.829,2.0,0.19,0.24,4.0,2.17,4.0,0.9,0.09,0.31,1.0,1.0,True,0,2.0,2,108,1610612741,Chicago Bulls,1,0.0,0.46,0.07,0.57,0.433,0.857,2.0,0.21,-0.24,13.0,1.93,11.0,0.78,0.16,0.19,0.0,12.0,0.46,0.07,0.57,0.433,0.857,2.0,0.21,-0.24,13.0,1.93,11.0,0.78,0.16,0.19,0.0,12.0,0.46,0.07,0.57,0.433,0.857,2.0,0.21,-0.24,13.0,1.93,11.0,0.78,0.16,0.19,0.0,12.0,0.46,0.07,0.57,0.433,0.857,2.0,0.21,-0.24,13.0,1.93,11.0,0.78,0.16,0.19,0.0,12.0,0.46,0.07,0.57,0.433,0.857,2.0,0.21,-0.24,13.0,1.93,11.0,0.78,0.16,0.19,0.0,12.0
17,5,2010-04-22,40900143,False,1,0.0,-5,96,1610612747,Los Angeles Lakers,0,2.0,0.35,0.11,0.61,0.392,0.704,2.0,0.32,0.11,6.0,1.9,12.0,0.94,0.16,0.31,1.0,1.0,0.35,0.11,0.61,0.392,0.704,2.0,0.32,0.11,6.0,1.9,12.0,0.94,0.16,0.31,1.0,1.0,0.35,0.11,0.61,0.392,0.704,2.0,0.32,0.11,6.0,1.9,12.0,0.94,0.16,0.31,1.0,1.0,0.35,0.11,0.61,0.392,0.704,2.0,0.32,0.11,6.0,1.9,12.0,0.94,0.16,0.31,1.0,1.0,0.35,0.11,0.61,0.392,0.704,2.0,0.32,0.11,6.0,1.9,12.0,0.94,0.16,0.31,1.0,1.0,True,0,2.0,5,101,1610612760,Oklahoma City Thunder,1,0.0,0.28,0.21,0.59,0.397,0.842,2.0,0.17,-0.11,11.0,1.78,14.0,0.76,0.16,0.33,0.0,12.0,0.28,0.21,0.59,0.397,0.842,2.0,0.17,-0.11,11.0,1.78,14.0,0.76,0.16,0.33,0.0,12.0,0.28,0.21,0.59,0.397,0.842,2.0,0.17,-0.11,11.0,1.78,14.0,0.76,0.16,0.33,0.0,12.0,0.28,0.21,0.59,0.397,0.842,2.0,0.17,-0.11,11.0,1.78,14.0,0.76,0.16,0.33,0.0,12.0,0.28,0.21,0.59,0.397,0.842,2.0,0.17,-0.11,11.0,1.78,14.0,0.76,0.16,0.33,0.0,12.0
18,5,2010-04-22,40900163,False,0,1.0,19,108,1610612756,Phoenix Suns,1,1.0,0.48,0.07,0.64,0.469,0.85,2.0,0.3,0.25,2.0,2.28,3.0,0.94,0.05,0.2,0.5,6.0,0.48,0.07,0.64,0.469,0.85,2.0,0.3,0.25,2.0,2.28,3.0,0.94,0.05,0.2,0.5,6.0,0.48,0.07,0.64,0.469,0.85,2.0,0.3,0.25,2.0,2.28,3.0,0.94,0.05,0.2,0.5,6.0,0.48,0.07,0.64,0.469,0.85,2.0,0.3,0.25,2.0,2.28,3.0,0.94,0.05,0.2,0.5,6.0,0.48,0.07,0.64,0.469,0.85,2.0,0.3,0.25,2.0,2.28,3.0,0.94,0.05,0.2,0.5,6.0,True,1,1.0,-19,89,1610612757,Portland Trail Blazers,0,1.0,0.29,0.13,0.59,0.427,0.797,2.0,0.22,-0.25,14.0,2.03,7.0,0.81,0.08,0.22,0.5,6.0,0.29,0.13,0.59,0.427,0.797,2.0,0.22,-0.25,14.0,2.03,7.0,0.81,0.08,0.22,0.5,6.0,0.29,0.13,0.59,0.427,0.797,2.0,0.22,-0.25,14.0,2.03,7.0,0.81,0.08,0.22,0.5,6.0,0.29,0.13,0.59,0.427,0.797,2.0,0.22,-0.25,14.0,2.03,7.0,0.81,0.08,0.22,0.5,6.0,0.29,0.13,0.59,0.427,0.797,2.0,0.22,-0.25,14.0,2.03,7.0,0.81,0.08,0.22,0.5,6.0
19,6,2010-04-23,40900133,False,0,0.0,2,100,1610612738,Boston Celtics,1,2.0,0.46,0.1,0.75,0.462,0.8,2.0,0.16,0.4,1.0,1.99,8.0,0.91,0.19,0.32,1.0,1.0,0.46,0.1,0.75,0.462,0.8,2.0,0.16,0.4,1.0,1.99,8.0,0.91,0.19,0.32,1.0,1.0,0.46,0.1,0.75,0.462,0.8,2.0,0.16,0.4,1.0,1.99,8.0,0.91,0.19,0.32,1.0,1.0,0.46,0.1,0.75,0.462,0.8,2.0,0.16,0.4,1.0,1.99,8.0,0.91,0.19,0.32,1.0,1.0,0.46,0.1,0.75,0.462,0.8,2.0,0.16,0.4,1.0,1.99,8.0,0.91,0.19,0.32,1.0,1.0,True,1,2.0,-2,98,1610612748,Miami Heat,0,0.0,0.35,0.13,0.57,0.39,0.69,2.0,0.19,-0.4,16.0,1.59,16.0,0.76,0.14,0.36,0.0,14.0,0.35,0.13,0.57,0.39,0.69,2.0,0.19,-0.4,16.0,1.59,16.0,0.76,0.14,0.36,0.0,14.0,0.35,0.13,0.57,0.39,0.69,2.0,0.19,-0.4,16.0,1.59,16.0,0.76,0.14,0.36,0.0,14.0,0.35,0.13,0.57,0.39,0.69,2.0,0.19,-0.4,16.0,1.59,16.0,0.76,0.14,0.36,0.0,14.0,0.35,0.13,0.57,0.39,0.69,2.0,0.19,-0.4,16.0,1.59,16.0,0.76,0.14,0.36,0.0,14.0
20,6,2010-04-23,40900153,False,1,1.0,-4,90,1610612742,Dallas Mavericks,0,1.0,0.44,0.1,0.63,0.415,0.815,2.0,0.28,-0.08,10.0,1.96,11.0,0.91,0.18,0.23,0.5,7.0,0.44,0.1,0.63,0.415,0.815,2.0,0.28,-0.08,10.0,1.96,11.0,0.91,0.18,0.23,0.5,7.0,0.44,0.1,0.63,0.415,0.815,2.0,0.28,-0.08,10.0,1.96,11.0,0.91,0.18,0.23,0.5,7.0,0.44,0.1,0.63,0.415,0.815,2.0,0.28,-0.08,10.0,1.96,11.0,0.91,0.18,0.23,0.5,7.0,0.44,0.1,0.63,0.415,0.815,2.0,0.28,-0.08,10.0,1.96,11.0,0.91,0.18,0.23,0.5,7.0,True,0,1.0,4,94,1610612759,San Antonio Spurs,1,1.0,0.39,0.02,0.67,0.491,0.722,2.0,0.25,0.08,7.0,2.04,6.0,0.92,0.13,0.27,0.5,7.0,0.39,0.02,0.67,0.491,0.722,2.0,0.25,0.08,7.0,2.04,6.0,0.92,0.13,0.27,0.5,7.0,0.39,0.02,0.67,0.491,0.722,2.0,0.25,0.08,7.0,2.04,6.0,0.92,0.13,0.27,0.5,7.0,0.39,0.02,0.67,0.491,0.722,2.0,0.25,0.08,7.0,2.04,6.0,0.92,0.13,0.27,0.5,7.0,0.39,0.02,0.67,0.491,0.722,2.0,0.25,0.08,7.0,2.04,6.0,0.92,0.13,0.27,0.5,7.0
21,6,2010-04-23,40900173,False,1,1.0,-12,93,1610612743,Denver Nuggets,0,1.0,0.53,0.09,0.6,0.522,0.812,2.0,0.17,0.1,6.0,2.47,1.0,0.77,0.16,0.28,0.5,7.0,0.53,0.09,0.6,0.522,0.812,2.0,0.17,0.1,6.0,2.47,1.0,0.77,0.16,0.28,0.5,7.0,0.53,0.09,0.6,0.522,0.812,2.0,0.17,0.1,6.0,2.47,1.0,0.77,0.16,0.28,0.5,7.0,0.53,0.09,0.6,0.522,0.812,2.0,0.17,0.1,6.0,2.47,1.0,0.77,0.16,0.28,0.5,7.0,0.53,0.09,0.6,0.522,0.812,2.0,0.17,0.1,6.0,2.47,1.0,0.77,0.16,0.28,0.5,7.0,True,0,1.0,12,105,1610612762,Utah Jazz,1,1.0,0.54,0.1,0.55,0.538,0.759,2.0,0.1,-0.1,11.0,2.36,2.0,0.66,0.11,0.29,0.5,7.0,0.54,0.1,0.55,0.538,0.759,2.0,0.1,-0.1,11.0,2.36,2.0,0.66,0.11,0.29,0.5,7.0,0.54,0.1,0.55,0.538,0.759,2.0,0.1,-0.1,11.0,2.36,2.0,0.66,0.11,0.29,0.5,7.0,0.54,0.1,0.55,0.538,0.759,2.0,0.1,-0.1,11.0,2.36,2.0,0.66,0.11,0.29,0.5,7.0,0.54,0.1,0.55,0.538,0.759,2.0,0.1,-0.1,11.0,2.36,2.0,0.66,0.11,0.29,0.5,7.0
22,7,2010-04-24,40900113,False,0,0.0,4,90,1610612753,Orlando Magic,1,2.0,0.31,0.14,0.53,0.449,0.694,2.0,0.2,0.25,3.0,1.98,9.0,0.73,0.18,0.24,1.0,1.0,0.31,0.14,0.53,0.449,0.694,2.0,0.2,0.25,3.0,1.98,9.0,0.73,0.18,0.24,1.0,1.0,0.31,0.14,0.53,0.449,0.694,2.0,0.2,0.25,3.0,1.98,9.0,0.73,0.18,0.24,1.0,1.0,0.31,0.14,0.53,0.449,0.694,2.0,0.2,0.25,3.0,1.98,9.0,0.73,0.18,0.24,1.0,1.0,0.31,0.14,0.53,0.449,0.694,2.0,0.2,0.25,3.0,1.98,9.0,0.73,0.18,0.24,1.0,1.0,True,1,2.0,-4,86,1610612766,Charlotte Bobcats,0,0.0,0.39,0.11,0.58,0.453,0.717,2.0,0.22,-0.25,14.0,1.73,16.0,0.8,0.1,0.39,0.0,14.0,0.39,0.11,0.58,0.453,0.717,2.0,0.22,-0.25,14.0,1.73,16.0,0.8,0.1,0.39,0.0,14.0,0.39,0.11,0.58,0.453,0.717,2.0,0.22,-0.25,14.0,1.73,16.0,0.8,0.1,0.39,0.0,14.0,0.39,0.11,0.58,0.453,0.717,2.0,0.22,-0.25,14.0,1.73,16.0,0.8,0.1,0.39,0.0,14.0,0.39,0.11,0.58,0.453,0.717,2.0,0.22,-0.25,14.0,1.73,16.0,0.8,0.1,0.39,0.0,14.0
23,7,2010-04-24,40900123,False,1,0.0,-18,89,1610612737,Atlanta Hawks,0,2.0,0.46,0.2,0.61,0.506,0.795,2.0,0.22,0.21,4.0,2.06,5.0,0.83,0.18,0.24,1.0,1.0,0.46,0.2,0.61,0.506,0.795,2.0,0.22,0.21,4.0,2.06,5.0,0.83,0.18,0.24,1.0,1.0,0.46,0.2,0.61,0.506,0.795,2.0,0.22,0.21,4.0,2.06,5.0,0.83,0.18,0.24,1.0,1.0,0.46,0.2,0.61,0.506,0.795,2.0,0.22,0.21,4.0,2.06,5.0,0.83,0.18,0.24,1.0,1.0,0.46,0.2,0.61,0.506,0.795,2.0,0.22,0.21,4.0,2.06,5.0,0.83,0.18,0.24,1.0,1.0,True,0,2.0,18,107,1610612749,Milwaukee Bucks,1,0.0,0.3,0.07,0.55,0.43,0.645,2.0,0.3,-0.21,13.0,1.85,14.0,0.85,0.17,0.28,0.0,14.0,0.3,0.07,0.55,0.43,0.645,2.0,0.3,-0.21,13.0,1.85,14.0,0.85,0.17,0.28,0.0,14.0,0.3,0.07,0.55,0.43,0.645,2.0,0.3,-0.21,13.0,1.85,14.0,0.85,0.17,0.28,0.0,14.0,0.3,0.07,0.55,0.43,0.645,2.0,0.3,-0.21,13.0,1.85,14.0,0.85,0.17,0.28,0.0,14.0,0.3,0.07,0.55,0.43,0.645,2.0,0.3,-0.21,13.0,1.85,14.0,0.85,0.17,0.28,0.0,14.0
24,7,2010-04-24,40900144,False,1,1.0,-21,89,1610612747,Los Angeles Lakers,0,2.0,0.3899999999999999,0.1,0.63,0.412,0.727,3.0,0.26,0.04,7.0,1.93,11.0,0.9,0.13,0.26,0.6670000000000001,4.0,0.3899999999999999,0.1,0.63,0.412,0.727,3.0,0.26,0.04,7.0,1.93,11.0,0.9,0.13,0.26,0.6670000000000001,4.0,0.3899999999999999,0.1,0.63,0.412,0.727,3.0,0.26,0.04,7.0,1.93,11.0,0.9,0.13,0.26,0.6670000000000001,4.0,0.3899999999999999,0.1,0.63,0.412,0.727,3.0,0.26,0.04,7.0,1.93,11.0,0.9,0.13,0.26,0.6670000000000001,4.0,0.3899999999999999,0.1,0.63,0.412,0.727,3.0,0.26,0.04,7.0,1.93,11.0,0.9,0.13,0.26,0.6670000000000001,4.0,True,0,2.0,21,110,1610612760,Oklahoma City Thunder,1,1.0,0.3,0.16,0.67,0.403,0.824,3.0,0.21,-0.04,10.0,1.89,13.0,0.88,0.13,0.28,0.333,9.0,0.3,0.16,0.67,0.403,0.824,3.0,0.21,-0.04,10.0,1.89,13.0,0.88,0.13,0.28,0.333,9.0,0.3,0.16,0.67,0.403,0.824,3.0,0.21,-0.04,10.0,1.89,13.0,0.88,0.13,0.28,0.333,9.0,0.3,0.16,0.67,0.403,0.824,3.0,0.21,-0.04,10.0,1.89,13.0,0.88,0.13,0.28,0.333,9.0,0.3,0.16,0.67,0.403,0.824,3.0,0.21,-0.04,10.0,1.89,13.0,0.88,0.13,0.28,0.333,9.0
25,7,2010-04-24,40900164,False,1,1.0,-9,87,1610612756,Phoenix Suns,0,2.0,0.47,0.07,0.62,0.486,0.786,3.0,0.25,0.3,1.0,2.27,3.0,0.87,0.08,0.24,0.6670000000000001,4.0,0.47,0.07,0.62,0.486,0.786,3.0,0.25,0.3,1.0,2.27,3.0,0.87,0.08,0.24,0.6670000000000001,4.0,0.47,0.07,0.62,0.486,0.786,3.0,0.25,0.3,1.0,2.27,3.0,0.87,0.08,0.24,0.6670000000000001,4.0,0.47,0.07,0.62,0.486,0.786,3.0,0.25,0.3,1.0,2.27,3.0,0.87,0.08,0.24,0.6670000000000001,4.0,0.47,0.07,0.62,0.486,0.786,3.0,0.25,0.3,1.0,2.27,3.0,0.87,0.08,0.24,0.6670000000000001,4.0,True,0,2.0,9,96,1610612757,Portland Trail Blazers,1,1.0,0.33,0.1,0.56,0.432,0.7280000000000001,3.0,0.24,-0.3,16.0,1.97,10.0,0.8000000000000002,0.12,0.24,0.333,9.0,0.33,0.1,0.56,0.432,0.7280000000000001,3.0,0.24,-0.3,16.0,1.97,10.0,0.8000000000000002,0.12,0.24,0.333,9.0,0.33,0.1,0.56,0.432,0.7280000000000001,3.0,0.24,-0.3,16.0,1.97,10.0,0.8000000000000002,0.12,0.24,0.333,9.0,0.33,0.1,0.56,0.432,0.7280000000000001,3.0,0.24,-0.3,16.0,1.97,10.0,0.8000000000000002,0.12,0.24,0.333,9.0,0.33,0.1,0.56,0.432,0.7280000000000001,3.0,0.24,-0.3,16.0,1.97,10.0,0.8000000000000002,0.12,0.24,0.333,9.0
26,8,2010-04-25,40900104,False,0,1.0,23,121,1610612739,Cleveland Cavaliers,1,2.0,0.5,0.19,0.67,0.485,0.75,3.0,0.22,0.15,4.0,2.18,3.0,0.9,0.1,0.3,0.6670000000000001,3.0,0.5,0.19,0.67,0.485,0.75,3.0,0.22,0.15,4.0,2.18,3.0,0.9,0.1,0.3,0.6670000000000001,3.0,0.5,0.19,0.67,0.485,0.75,3.0,0.22,0.15,4.0,2.18,3.0,0.9,0.1,0.3,0.6670000000000001,3.0,0.5,0.19,0.67,0.485,0.75,3.0,0.22,0.15,4.0,2.18,3.0,0.9,0.1,0.3,0.6670000000000001,3.0,0.5,0.19,0.67,0.485,0.75,3.0,0.22,0.15,4.0,2.18,3.0,0.9,0.1,0.3,0.6670000000000001,3.0,True,1,2.0,-23,98,1610612741,Chicago Bulls,0,1.0,0.46,0.08,0.63,0.455,0.811,3.0,0.19,-0.15,13.0,2.03,5.0,0.81,0.14,0.18,0.333,11.0,0.46,0.08,0.63,0.455,0.811,3.0,0.19,-0.15,13.0,2.03,5.0,0.81,0.14,0.18,0.333,11.0,0.46,0.08,0.63,0.455,0.811,3.0,0.19,-0.15,13.0,2.03,5.0,0.81,0.14,0.18,0.333,11.0,0.46,0.08,0.63,0.455,0.811,3.0,0.19,-0.15,13.0,2.03,5.0,0.81,0.14,0.18,0.333,11.0,0.46,0.08,0.63,0.455,0.811,3.0,0.19,-0.15,13.0,2.03,5.0,0.81,0.14,0.18,0.333,11.0
27,8,2010-04-25,40900134,False,1,0.0,-9,92,1610612738,Boston Celtics,0,3.0,0.44,0.08,0.69,0.464,0.795,3.0,0.18,0.28,1.0,2.02,6.0,0.87,0.19,0.32,1.0,1.0,0.44,0.08,0.69,0.464,0.795,3.0,0.18,0.28,1.0,2.02,6.0,0.87,0.19,0.32,1.0,1.0,0.44,0.08,0.69,0.464,0.795,3.0,0.18,0.28,1.0,2.02,6.0,0.87,0.19,0.32,1.0,1.0,0.44,0.08,0.69,0.464,0.795,3.0,0.18,0.28,1.0,2.02,6.0,0.87,0.19,0.32,1.0,1.0,0.44,0.08,0.69,0.464,0.795,3.0,0.18,0.28,1.0,2.02,6.0,0.87,0.19,0.32,1.0,1.0,True,0,3.0,9,101,1610612748,Miami Heat,1,0.0,0.38,0.11,0.56,0.429,0.739,3.0,0.19,-0.28,16.0,1.74,16.0,0.7399999999999999,0.14,0.3699999999999999,0.0,15.0,0.38,0.11,0.56,0.429,0.739,3.0,0.19,-0.28,16.0,1.74,16.0,0.7399999999999999,0.14,0.3699999999999999,0.0,15.0,0.38,0.11,0.56,0.429,0.739,3.0,0.19,-0.28,16.0,1.74,16.0,0.7399999999999999,0.14,0.3699999999999999,0.0,15.0,0.38,0.11,0.56,0.429,0.739,3.0,0.19,-0.28,16.0,1.74,16.0,0.7399999999999999,0.14,0.3699999999999999,0.0,15.0,0.38,0.11,0.56,0.429,0.739,3.0,0.19,-0.28,16.0,1.74,16.0,0.7399999999999999,0.14,0.3699999999999999,0.0,15.0
28,8,2010-04-25,40900154,False,1,2.0,-3,89,1610612742,Dallas Mavericks,0,1.0,0.41,0.1,0.61,0.426,0.8409999999999999,3.0,0.24,-0.08,12.0,1.93,13.0,0.85,0.15,0.26,0.333,11.0,0.41,0.1,0.61,0.426,0.8409999999999999,3.0,0.24,-0.08,12.0,1.93,13.0,0.85,0.15,0.26,0.333,11.0,0.41,0.1,0.61,0.426,0.8409999999999999,3.0,0.24,-0.08,12.0,1.93,13.0,0.85,0.15,0.26,0.333,11.0,0.41,0.1,0.61,0.426,0.8409999999999999,3.0,0.24,-0.08,12.0,1.93,13.0,0.85,0.15,0.26,0.333,11.0,0.41,0.1,0.61,0.426,0.8409999999999999,3.0,0.24,-0.08,12.0,1.93,13.0,0.85,0.15,0.26,0.333,11.0,True,0,1.0,3,92,1610612759,San Antonio Spurs,1,2.0,0.3899999999999999,0.04,0.61,0.489,0.742,3.0,0.25,0.08,5.0,2.01,7.0,0.86,0.12,0.26,0.6670000000000001,3.0,0.3899999999999999,0.04,0.61,0.489,0.742,3.0,0.25,0.08,5.0,2.01,7.0,0.86,0.12,0.26,0.6670000000000001,3.0,0.3899999999999999,0.04,0.61,0.489,0.742,3.0,0.25,0.08,5.0,2.01,7.0,0.86,0.12,0.26,0.6670000000000001,3.0,0.3899999999999999,0.04,0.61,0.489,0.742,3.0,0.25,0.08,5.0,2.01,7.0,0.86,0.12,0.26,0.6670000000000001,3.0,0.3899999999999999,0.04,0.61,0.489,0.742,3.0,0.25,0.08,5.0,2.01,7.0,0.86,0.12,0.26,0.6670000000000001,3.0
29,8,2010-04-25,40900174,False,1,2.0,-11,106,1610612743,Denver Nuggets,0,1.0,0.44,0.1,0.63,0.494,0.798,3.0,0.17,-0.01,9.0,2.29,2.0,0.79,0.13,0.28,0.333,11.0,0.44,0.1,0.63,0.494,0.798,3.0,0.17,-0.01,9.0,2.29,2.0,0.79,0.13,0.28,0.333,11.0,0.44,0.1,0.63,0.494,0.798,3.0,0.17,-0.01,9.0,2.29,2.0,0.79,0.13,0.28,0.333,11.0,0.44,0.1,0.63,0.494,0.798,3.0,0.17,-0.01,9.0,2.29,2.0,0.79,0.13,0.28,0.333,11.0,0.44,0.1,0.63,0.494,0.798,3.0,0.17,-0.01,9.0,2.29,2.0,0.79,0.13,0.28,0.333,11.0,True,0,1.0,11,117,1610612762,Utah Jazz,1,2.0,0.55,0.07,0.6,0.513,0.727,3.0,0.14,0.01,7.0,2.31,1.0,0.7399999999999999,0.15,0.26,0.6670000000000001,3.0,0.55,0.07,0.6,0.513,0.727,3.0,0.14,0.01,7.0,2.31,1.0,0.7399999999999999,0.15,0.26,0.6670000000000001,3.0,0.55,0.07,0.6,0.513,0.727,3.0,0.14,0.01,7.0,2.31,1.0,0.7399999999999999,0.15,0.26,0.6670000000000001,3.0,0.55,0.07,0.6,0.513,0.727,3.0,0.14,0.01,7.0,2.31,1.0,0.7399999999999999,0.15,0.26,0.6670000000000001,3.0,0.55,0.07,0.6,0.513,0.727,3.0,0.14,0.01,7.0,2.31,1.0,0.7399999999999999,0.15,0.26,0.6670000000000001,3.0
30,9,2010-04-26,40900114,False,0,0.0,9,99,1610612753,Orlando Magic,1,3.0,0.31,0.15,0.58,0.447,0.713,3.0,0.21,0.19,2.0,1.94,12.0,0.7799999999999999,0.17,0.31,1.0,1.0,0.31,0.15,0.58,0.447,0.713,3.0,0.21,0.19,2.0,1.94,12.0,0.7799999999999999,0.17,0.31,1.0,1.0,0.31,0.15,0.58,0.447,0.713,3.0,0.21,0.19,2.0,1.94,12.0,0.7799999999999999,0.17,0.31,1.0,1.0,0.31,0.15,0.58,0.447,0.713,3.0,0.21,0.19,2.0,1.94,12.0,0.7799999999999999,0.17,0.31,1.0,1.0,0.31,0.15,0.58,0.447,0.713,3.0,0.21,0.19,2.0,1.94,12.0,0.7799999999999999,0.17,0.31,1.0,1.0,True,1,3.0,-9,90,1610612766,Charlotte Bobcats,0,0.0,0.38,0.11,0.58,0.441,0.754,3.0,0.19,-0.19,15.0,1.75,16.0,0.7600000000000001,0.14,0.36,0.0,16.0,0.38,0.11,0.58,0.441,0.754,3.0,0.19,-0.19,15.0,1.75,16.0,0.7600000000000001,0.14,0.36,0.0,16.0,0.38,0.11,0.58,0.441,0.754,3.0,0.19,-0.19,15.0,1.75,16.0,0.7600000000000001,0.14,0.36,0.0,16.0,0.38,0.11,0.58,0.441,0.754,3.0,0.19,-0.19,15.0,1.75,16.0,0.7600000000000001,0.14,0.36,0.0,16.0,0.38,0.11,0.58,0.441,0.754,3.0,0.19,-0.19,15.0,1.75,16.0,0.7600000000000001,0.14,0.36,0.0,16.0
31,9,2010-04-26,40900124,False,1,1.0,-7,104,1610612737,Atlanta Hawks,0,2.0,0.42,0.17,0.56,0.465,0.766,3.0,0.28,0.01,8.0,1.99,7.0,0.84,0.19,0.24,0.6670000000000001,6.0,0.42,0.17,0.56,0.465,0.766,3.0,0.28,0.01,8.0,1.99,7.0,0.84,0.19,0.24,0.6670000000000001,6.0,0.42,0.17,0.56,0.465,0.766,3.0,0.28,0.01,8.0,1.99,7.0,0.84,0.19,0.24,0.6670000000000001,6.0,0.42,0.17,0.56,0.465,0.766,3.0,0.28,0.01,8.0,1.99,7.0,0.84,0.19,0.24,0.6670000000000001,6.0,0.42,0.17,0.56,0.465,0.766,3.0,0.28,0.01,8.0,1.99,7.0,0.84,0.19,0.24,0.6670000000000001,6.0,True,0,2.0,7,111,1610612749,Milwaukee Bucks,1,1.0,0.36,0.08,0.6,0.456,0.745,3.0,0.28,-0.01,9.0,1.98,10.0,0.88,0.16,0.28,0.333,11.0,0.36,0.08,0.6,0.456,0.745,3.0,0.28,-0.01,9.0,1.98,10.0,0.88,0.16,0.28,0.333,11.0,0.36,0.08,0.6,0.456,0.745,3.0,0.28,-0.01,9.0,1.98,10.0,0.88,0.16,0.28,0.333,11.0,0.36,0.08,0.6,0.456,0.745,3.0,0.28,-0.01,9.0,1.98,10.0,0.88,0.16,0.28,0.333,11.0,0.36,0.08,0.6,0.456,0.745,3.0,0.28,-0.01,9.0,1.98,10.0,0.88,0.16,0.28,0.333,11.0
32,9,2010-04-26,40900165,True,0,2.0,19,107,1610612756,Phoenix Suns,1,2.0,0.44,0.07,0.63,0.474,0.769,4.0,0.22,0.18,3.0,2.16,4.0,0.85,0.08,0.24,0.5,7.0,0.44,0.07,0.63,0.474,0.769,4.0,0.22,0.18,3.0,2.16,4.0,0.85,0.08,0.24,0.5,7.0,0.44,0.07,0.63,0.474,0.769,4.0,0.22,0.18,3.0,2.16,4.0,0.85,0.08,0.24,0.5,7.0,0.44,0.07,0.63,0.474,0.769,4.0,0.22,0.18,3.0,2.16,4.0,0.85,0.08,0.24,0.5,7.0,0.44,0.07,0.63,0.474,0.769,4.0,0.22,0.18,3.0,2.16,4.0,0.85,0.08,0.24,0.5,7.0,False,1,2.0,-19,88,1610612757,Portland Trail Blazers,0,2.0,0.39,0.08,0.59,0.435,0.733,4.0,0.24,-0.18,14.0,1.98,10.0,0.83,0.11,0.21,0.5,7.0,0.39,0.08,0.59,0.435,0.733,4.0,0.24,-0.18,14.0,1.98,10.0,0.83,0.11,0.21,0.5,7.0,0.39,0.08,0.59,0.435,0.733,4.0,0.24,-0.18,14.0,1.98,10.0,0.83,0.11,0.21,0.5,7.0,0.39,0.08,0.59,0.435,0.733,4.0,0.24,-0.18,14.0,1.98,10.0,0.83,0.11,0.21,0.5,7.0,0.39,0.08,0.59,0.435,0.733,4.0,0.24,-0.18,14.0,1.98,10.0,0.83,0.11,0.21,0.5,7.0
33,10,2010-04-27,40900105,True,0,1.0,2,96,1610612739,Cleveland Cavaliers,1,3.0,0.46,0.16,0.67,0.509,0.753,3.0,0.17,0.22,2.0,2.35,1.0,0.83,0.09,0.25,0.6670000000000001,4.0,0.48,0.18,0.69,0.497,0.745,4.0,0.19,0.23,1.0,2.27,3.0,0.89,0.1,0.28,0.75,2.0,0.48,0.18,0.69,0.497,0.745,4.0,0.19,0.23,1.0,2.27,3.0,0.89,0.1,0.28,0.75,2.0,0.48,0.18,0.69,0.497,0.745,4.0,0.19,0.23,1.0,2.27,3.0,0.89,0.1,0.28,0.75,2.0,0.48,0.18,0.69,0.497,0.745,4.0,0.19,0.23,1.0,2.27,3.0,0.89,0.1,0.28,0.75,2.0,False,1,3.0,-2,94,1610612741,Chicago Bulls,0,1.0,0.42,0.06,0.63,0.437,0.824,3.0,0.26,-0.22,15.0,2.14,5.0,0.89,0.07,0.18,0.333,11.0,0.42,0.06,0.64,0.434,0.8119999999999999,4.0,0.23,-0.23,16.0,2.04,6.0,0.86,0.11,0.21,0.25,12.0,0.42,0.06,0.64,0.434,0.8119999999999999,4.0,0.23,-0.23,16.0,2.04,6.0,0.86,0.11,0.21,0.25,12.0,0.42,0.06,0.64,0.434,0.8119999999999999,4.0,0.23,-0.23,16.0,2.04,6.0,0.86,0.11,0.21,0.25,12.0,0.42,0.06,0.64,0.434,0.8119999999999999,4.0,0.23,-0.23,16.0,2.04,6.0,0.86,0.11,0.21,0.25,12.0
34,10,2010-04-27,40900135,True,0,1.0,10,96,1610612738,Boston Celtics,1,3.0,0.44,0.07,0.68,0.48,0.727,3.0,0.17,0.15,5.0,2.07,7.0,0.85,0.18,0.31,0.6670000000000001,4.0,0.43,0.08,0.68,0.4709999999999999,0.743,4.0,0.16,0.16,4.0,1.99,8.0,0.83,0.19,0.32,0.75,2.0,0.43,0.08,0.68,0.4709999999999999,0.743,4.0,0.16,0.16,4.0,1.99,8.0,0.83,0.19,0.32,0.75,2.0,0.43,0.08,0.68,0.4709999999999999,0.743,4.0,0.16,0.16,4.0,1.99,8.0,0.83,0.19,0.32,0.75,2.0,0.43,0.08,0.68,0.4709999999999999,0.743,4.0,0.16,0.16,4.0,1.99,8.0,0.83,0.19,0.32,0.75,2.0,False,1,3.0,-10,86,1610612748,Miami Heat,0,1.0,0.36,0.09,0.6,0.463,0.672,3.0,0.17,-0.15,12.0,1.92,13.0,0.7600000000000001,0.14,0.33,0.333,11.0,0.36,0.09,0.59,0.446,0.69,4.0,0.19,-0.16,13.0,1.83,15.0,0.7799999999999999,0.15,0.36,0.25,12.0,0.36,0.09,0.59,0.446,0.69,4.0,0.19,-0.16,13.0,1.83,15.0,0.7799999999999999,0.15,0.36,0.25,12.0,0.36,0.09,0.59,0.446,0.69,4.0,0.19,-0.16,13.0,1.83,15.0,0.7799999999999999,0.15,0.36,0.25,12.0,0.36,0.09,0.59,0.446,0.69,4.0,0.19,-0.16,13.0,1.83,15.0,0.7799999999999999,0.15,0.36,0.25,12.0
35,10,2010-04-27,40900145,True,0,2.0,24,111,1610612747,Los Angeles Lakers,1,2.0,0.39,0.1,0.65,0.413,0.691,4.0,0.25,-0.08,9.0,1.91,14.0,0.9,0.12,0.26,0.5,8.0,0.39,0.1,0.65,0.413,0.691,4.0,0.25,-0.08,11.0,1.91,13.0,0.9,0.12,0.26,0.5,7.0,0.39,0.1,0.65,0.413,0.691,4.0,0.25,-0.08,11.0,1.91,13.0,0.9,0.12,0.26,0.5,7.0,0.39,0.1,0.65,0.413,0.691,4.0,0.25,-0.08,11.0,1.91,13.0,0.9,0.12,0.26,0.5,7.0,0.39,0.1,0.65,0.413,0.691,4.0,0.25,-0.08,11.0,1.91,13.0,0.9,0.12,0.26,0.5,7.0,False,1,2.0,-24,87,1610612760,Oklahoma City Thunder,0,2.0,0.3,0.16,0.69,0.404,0.842,4.0,0.22,0.08,7.0,1.99,9.0,0.92,0.14,0.27,0.5,8.0,0.3,0.16,0.69,0.404,0.842,4.0,0.22,0.08,5.0,1.99,9.0,0.92,0.14,0.27,0.5,7.0,0.3,0.16,0.69,0.404,0.842,4.0,0.22,0.08,5.0,1.99,9.0,0.92,0.14,0.27,0.5,7.0,0.3,0.16,0.69,0.404,0.842,4.0,0.22,0.08,5.0,1.99,9.0,0.92,0.14,0.27,0.5,7.0,0.3,0.16,0.69,0.404,0.842,4.0,0.22,0.08,5.0,1.99,9.0,0.92,0.14,0.27,0.5,7.0
36,10,2010-04-27,40900155,True,0,3.0,22,103,1610612742,Dallas Mavericks,1,1.0,0.4,0.1,0.65,0.423,0.826,4.0,0.24,-0.08,9.0,1.91,14.0,0.89,0.14,0.28,0.25,14.0,0.4,0.1,0.65,0.423,0.826,4.0,0.24,-0.08,11.0,1.91,13.0,0.89,0.14,0.28,0.25,12.0,0.4,0.1,0.65,0.423,0.826,4.0,0.24,-0.08,11.0,1.91,13.0,0.89,0.14,0.28,0.25,12.0,0.4,0.1,0.65,0.423,0.826,4.0,0.24,-0.08,11.0,1.91,13.0,0.89,0.14,0.28,0.25,12.0,0.4,0.1,0.65,0.423,0.826,4.0,0.24,-0.08,11.0,1.91,13.0,0.89,0.14,0.28,0.25,12.0,False,1,1.0,-22,81,1610612759,San Antonio Spurs,0,3.0,0.39,0.05,0.63,0.481,0.711,4.0,0.24,0.08,7.0,1.99,9.0,0.87,0.13,0.26,0.75,3.0,0.39,0.05,0.63,0.481,0.711,4.0,0.24,0.08,5.0,1.99,9.0,0.87,0.13,0.26,0.75,2.0,0.39,0.05,0.63,0.481,0.711,4.0,0.24,0.08,5.0,1.99,9.0,0.87,0.13,0.26,0.75,2.0,0.39,0.05,0.63,0.481,0.711,4.0,0.24,0.08,5.0,1.99,9.0,0.87,0.13,0.26,0.75,2.0,0.39,0.05,0.63,0.481,0.711,4.0,0.24,0.08,5.0,1.99,9.0,0.87,0.13,0.26,0.75,2.0
37,11,2010-04-28,40900125,True,1,2.0,-4,87,1610612737,Atlanta Hawks,0,2.0,0.3899999999999999,0.1,0.5,0.445,0.803,3.0,0.29,-0.1,11.0,2.01,10.0,0.79,0.17,0.24,0.333,10.0,0.3899999999999999,0.14,0.53,0.467,0.7879999999999999,4.0,0.28,-0.03,9.0,2.04,6.0,0.8000000000000002,0.17,0.24,0.5,8.0,0.3899999999999999,0.14,0.53,0.467,0.7879999999999999,4.0,0.28,-0.03,9.0,2.04,6.0,0.8000000000000002,0.17,0.24,0.5,8.0,0.3899999999999999,0.14,0.53,0.467,0.7879999999999999,4.0,0.28,-0.03,9.0,2.04,6.0,0.8000000000000002,0.17,0.24,0.5,8.0,0.3899999999999999,0.14,0.53,0.467,0.7879999999999999,4.0,0.28,-0.03,9.0,2.04,6.0,0.8000000000000002,0.17,0.24,0.5,8.0,False,0,2.0,4,91,1610612749,Milwaukee Bucks,1,2.0,0.4000000000000001,0.1,0.6,0.485,0.823,3.0,0.26,0.1,6.0,2.11,5.0,0.86,0.1,0.29,0.6670000000000001,7.0,0.36,0.08,0.58,0.477,0.797,4.0,0.25,0.03,8.0,2.06,5.0,0.83,0.13,0.29,0.5,8.0,0.36,0.08,0.58,0.477,0.797,4.0,0.25,0.03,8.0,2.06,5.0,0.83,0.13,0.29,0.5,8.0,0.36,0.08,0.58,0.477,0.797,4.0,0.25,0.03,8.0,2.06,5.0,0.83,0.13,0.29,0.5,8.0,0.36,0.08,0.58,0.477,0.797,4.0,0.25,0.03,8.0,2.06,5.0,0.83,0.13,0.29,0.5,8.0
38,11,2010-04-28,40900175,True,0,3.0,14,116,1610612743,Denver Nuggets,1,1.0,0.33,0.11,0.59,0.446,0.789,3.0,0.22,-0.18,14.0,2.15,4.0,0.81,0.17,0.3499999999999999,0.0,15.0,0.4000000000000001,0.1,0.61,0.4789999999999999,0.7840000000000001,4.0,0.22,-0.07,12.0,2.27,2.0,0.83,0.16,0.31,0.25,13.0,0.4000000000000001,0.1,0.61,0.4789999999999999,0.7840000000000001,4.0,0.22,-0.07,12.0,2.27,2.0,0.83,0.16,0.31,0.25,13.0,0.4000000000000001,0.1,0.61,0.4789999999999999,0.7840000000000001,4.0,0.22,-0.07,12.0,2.27,2.0,0.83,0.16,0.31,0.25,13.0,0.4000000000000001,0.1,0.61,0.4789999999999999,0.7840000000000001,4.0,0.22,-0.07,12.0,2.27,2.0,0.83,0.16,0.31,0.25,13.0,False,1,1.0,-14,102,1610612762,Utah Jazz,0,3.0,0.53,0.08,0.6,0.509,0.717,3.0,0.19,0.18,3.0,2.33,1.0,0.79,0.16,0.29,1.0,1.0,0.54,0.09,0.59,0.518,0.7239999999999999,4.0,0.17,0.07,5.0,2.34,1.0,0.7600000000000001,0.14,0.27,0.75,4.0,0.54,0.09,0.59,0.518,0.7239999999999999,4.0,0.17,0.07,5.0,2.34,1.0,0.7600000000000001,0.14,0.27,0.75,4.0,0.54,0.09,0.59,0.518,0.7239999999999999,4.0,0.17,0.07,5.0,2.34,1.0,0.7600000000000001,0.14,0.27,0.75,4.0,0.54,0.09,0.59,0.518,0.7239999999999999,4.0,0.17,0.07,5.0,2.34,1.0,0.7600000000000001,0.14,0.27,0.75,4.0
39,12,2010-04-29,40900156,False,1,3.0,-10,87,1610612742,Dallas Mavericks,0,2.0,0.38,0.11,0.68,0.416,0.813,4.0,0.25,0.01,7.0,1.93,12.0,0.93,0.16,0.26,0.25,12.0,0.4,0.11,0.68,0.427,0.792,5.0,0.25,0.03,7.0,1.96,11.0,0.93,0.17,0.27,0.4,9.0,0.4,0.11,0.68,0.427,0.792,5.0,0.25,0.03,7.0,1.96,11.0,0.93,0.17,0.27,0.4,9.0,0.4,0.11,0.68,0.427,0.792,5.0,0.25,0.03,7.0,1.96,11.0,0.93,0.17,0.27,0.4,9.0,0.4,0.11,0.68,0.427,0.792,5.0,0.25,0.03,7.0,1.96,11.0,0.93,0.17,0.27,0.4,9.0,True,0,2.0,10,97,1610612759,San Antonio Spurs,1,3.0,0.35,0.07,0.65,0.446,0.712,4.0,0.24,-0.01,9.0,1.92,13.0,0.89,0.12,0.26,0.75,2.0,0.36,0.06,0.64,0.456,0.729,5.0,0.23,-0.03,10.0,1.93,14.0,0.87,0.13,0.28,0.6,4.0,0.36,0.06,0.64,0.456,0.729,5.0,0.23,-0.03,10.0,1.93,14.0,0.87,0.13,0.28,0.6,4.0,0.36,0.06,0.64,0.456,0.729,5.0,0.23,-0.03,10.0,1.93,14.0,0.87,0.13,0.28,0.6,4.0,0.36,0.06,0.64,0.456,0.729,5.0,0.23,-0.03,10.0,1.93,14.0,0.87,0.13,0.28,0.6,4.0
40,12,2010-04-29,40900166,False,0,2.0,9,99,1610612756,Phoenix Suns,1,3.0,0.44,0.07,0.61,0.489,0.804,4.0,0.21,0.3,1.0,2.19,3.0,0.82,0.12,0.24,0.75,2.0,0.44,0.07,0.61,0.472,0.805,5.0,0.24,0.22,1.0,2.17,4.0,0.85,0.1,0.25,0.6,4.0,0.44,0.07,0.61,0.472,0.805,5.0,0.24,0.22,1.0,2.17,4.0,0.85,0.1,0.25,0.6,4.0,0.44,0.07,0.61,0.472,0.805,5.0,0.24,0.22,1.0,2.17,4.0,0.85,0.1,0.25,0.6,4.0,0.44,0.07,0.61,0.472,0.805,5.0,0.24,0.22,1.0,2.17,4.0,0.85,0.1,0.25,0.6,4.0,True,1,3.0,-9,90,1610612757,Portland Trail Blazers,0,2.0,0.41,0.07,0.52,0.432,0.726,4.0,0.24,-0.3,16.0,1.89,14.0,0.76,0.13,0.23,0.25,12.0,0.4,0.09,0.55,0.44,0.729,5.0,0.23,-0.22,16.0,1.95,13.0,0.79,0.12,0.23,0.4,9.0,0.4,0.09,0.55,0.44,0.729,5.0,0.23,-0.22,16.0,1.95,13.0,0.79,0.12,0.23,0.4,9.0,0.4,0.09,0.55,0.44,0.729,5.0,0.23,-0.22,16.0,1.95,13.0,0.79,0.12,0.23,0.4,9.0,0.4,0.09,0.55,0.44,0.729,5.0,0.23,-0.22,16.0,1.95,13.0,0.79,0.12,0.23,0.4,9.0
41,13,2010-04-30,40900126,False,0,3.0,14,83,1610612737,Atlanta Hawks,1,2.0,0.32,0.1,0.48,0.432,0.778,3.0,0.31,-0.2,16.0,1.94,12.0,0.7799999999999999,0.15,0.26,0.0,15.0,0.38,0.14,0.53,0.461,0.7840000000000001,5.0,0.27,-0.04,11.0,1.99,8.0,0.8000000000000002,0.16,0.25,0.4000000000000001,9.0,0.38,0.14,0.53,0.461,0.7840000000000001,5.0,0.27,-0.04,11.0,1.99,8.0,0.8000000000000002,0.16,0.25,0.4000000000000001,9.0,0.38,0.14,0.53,0.461,0.7840000000000001,5.0,0.27,-0.04,11.0,1.99,8.0,0.8000000000000002,0.16,0.25,0.4000000000000001,9.0,0.38,0.14,0.53,0.461,0.7840000000000001,5.0,0.27,-0.04,11.0,1.99,8.0,0.8000000000000002,0.16,0.25,0.4000000000000001,9.0,True,1,2.0,-14,69,1610612749,Milwaukee Bucks,0,3.0,0.3899999999999999,0.08,0.6,0.489,0.8569999999999999,3.0,0.2,0.2,1.0,2.15,4.0,0.81,0.13,0.28,1.0,1.0,0.3499999999999999,0.08,0.58,0.463,0.7959999999999999,5.0,0.24,0.04,5.0,2.03,5.0,0.83,0.15,0.28,0.6,6.0,0.3499999999999999,0.08,0.58,0.463,0.7959999999999999,5.0,0.24,0.04,5.0,2.03,5.0,0.83,0.15,0.28,0.6,6.0,0.3499999999999999,0.08,0.58,0.463,0.7959999999999999,5.0,0.24,0.04,5.0,2.03,5.0,0.83,0.15,0.28,0.6,6.0,0.3499999999999999,0.08,0.58,0.463,0.7959999999999999,5.0,0.24,0.04,5.0,2.03,5.0,0.83,0.15,0.28,0.6,6.0
42,13,2010-04-30,40900146,False,0,2.0,1,95,1610612747,Los Angeles Lakers,1,3.0,0.47,0.13,0.69,0.467,0.69,3.0,0.19,-0.01,9.0,2.06,8.0,0.88,0.13,0.22,0.333,9.0,0.43,0.12,0.66,0.437,0.6960000000000001,5.0,0.24,0.04,5.0,1.99,8.0,0.9,0.14,0.26,0.6,6.0,0.43,0.12,0.66,0.437,0.6960000000000001,5.0,0.24,0.04,5.0,1.99,8.0,0.9,0.14,0.26,0.6,6.0,0.43,0.12,0.66,0.437,0.6960000000000001,5.0,0.24,0.04,5.0,1.99,8.0,0.9,0.14,0.26,0.6,6.0,0.43,0.12,0.66,0.437,0.6960000000000001,5.0,0.24,0.04,5.0,1.99,8.0,0.9,0.14,0.26,0.6,6.0,True,1,3.0,-1,94,1610612760,Oklahoma City Thunder,0,2.0,0.34,0.09,0.7200000000000001,0.3960000000000001,0.8210000000000001,3.0,0.28,0.01,8.0,2.07,7.0,1.01,0.12,0.25,0.6670000000000001,5.0,0.32,0.14,0.67,0.3960000000000001,0.828,5.0,0.24,-0.04,11.0,1.95,11.0,0.91,0.13,0.28,0.4000000000000001,9.0,0.32,0.14,0.67,0.3960000000000001,0.828,5.0,0.24,-0.04,11.0,1.95,11.0,0.91,0.13,0.28,0.4000000000000001,9.0,0.32,0.14,0.67,0.3960000000000001,0.828,5.0,0.24,-0.04,11.0,1.95,11.0,0.91,0.13,0.28,0.4000000000000001,9.0,0.32,0.14,0.67,0.3960000000000001,0.828,5.0,0.24,-0.04,11.0,1.95,11.0,0.91,0.13,0.28,0.4000000000000001,9.0
43,13,2010-04-30,40900176,False,1,3.0,-8,104,1610612743,Denver Nuggets,0,2.0,0.31,0.1,0.63,0.459,0.7680000000000001,3.0,0.24,-0.06,12.0,2.19,3.0,0.87,0.18,0.31,0.333,9.0,0.4000000000000001,0.1,0.62,0.485,0.785,5.0,0.21,0.0,8.0,2.3,1.0,0.83,0.17,0.3,0.4000000000000001,9.0,0.4000000000000001,0.1,0.62,0.485,0.785,5.0,0.21,0.0,8.0,2.3,1.0,0.83,0.17,0.3,0.4000000000000001,9.0,0.4000000000000001,0.1,0.62,0.485,0.785,5.0,0.21,0.0,8.0,2.3,1.0,0.83,0.17,0.3,0.4000000000000001,9.0,0.4000000000000001,0.1,0.62,0.485,0.785,5.0,0.21,0.0,8.0,2.3,1.0,0.83,0.17,0.3,0.4000000000000001,9.0,True,0,2.0,8,112,1610612762,Utah Jazz,1,3.0,0.49,0.08,0.61,0.484,0.7040000000000001,3.0,0.24,0.06,5.0,2.25,1.0,0.85,0.14,0.28,0.6670000000000001,5.0,0.51,0.09,0.59,0.504,0.729,5.0,0.19,0.0,9.0,2.3,2.0,0.7799999999999999,0.13,0.28,0.6,6.0,0.51,0.09,0.59,0.504,0.729,5.0,0.19,0.0,9.0,2.3,2.0,0.7799999999999999,0.13,0.28,0.6,6.0,0.51,0.09,0.59,0.504,0.729,5.0,0.19,0.0,9.0,2.3,2.0,0.7799999999999999,0.13,0.28,0.6,6.0,0.51,0.09,0.59,0.504,0.729,5.0,0.19,0.0,9.0,2.3,2.0,0.7799999999999999,0.13,0.28,0.6,6.0
44,14,2010-05-01,40900201,False,1,0.0,-8,93,1610612738,Boston Celtics,0,0.0,0.46,0.08,0.62,0.482,0.7360000000000001,3.0,0.15,0.02,7.0,2.0,8.0,0.77,0.21,0.33,0.6670000000000001,6.0,0.46,0.09,0.67,0.474,0.7639999999999999,5.0,0.15,0.17,4.0,2.0,6.0,0.83,0.2,0.33,0.8000000000000002,2.0,0.46,0.09,0.67,0.474,0.7639999999999999,5.0,0.15,0.17,4.0,2.0,6.0,0.83,0.2,0.33,0.8000000000000002,2.0,0.46,0.09,0.67,0.474,0.7639999999999999,5.0,0.15,0.17,4.0,2.0,6.0,0.83,0.2,0.33,0.8000000000000002,2.0,0.46,0.09,0.67,0.474,0.7639999999999999,5.0,0.15,0.17,4.0,2.0,6.0,0.83,0.2,0.33,0.8000000000000002,2.0,True,0,0.0,8,101,1610612739,Cleveland Cavaliers,1,0.0,0.45,0.14,0.65,0.4789999999999999,0.677,3.0,0.19,0.16,2.0,2.24,2.0,0.84,0.12,0.26,0.6670000000000001,6.0,0.48,0.17,0.68,0.4909999999999999,0.7239999999999999,5.0,0.19,0.19,3.0,2.21,3.0,0.86,0.11,0.28,0.8000000000000002,2.0,0.48,0.17,0.68,0.4909999999999999,0.7239999999999999,5.0,0.19,0.19,3.0,2.21,3.0,0.86,0.11,0.28,0.8000000000000002,2.0,0.48,0.17,0.68,0.4909999999999999,0.7239999999999999,5.0,0.19,0.19,3.0,2.21,3.0,0.86,0.11,0.28,0.8000000000000002,2.0,0.48,0.17,0.68,0.4909999999999999,0.7239999999999999,5.0,0.19,0.19,3.0,2.21,3.0,0.86,0.11,0.28,0.8000000000000002,2.0
45,15,2010-05-02,40900127,True,0,3.0,21,95,1610612737,Atlanta Hawks,1,3.0,0.32,0.11,0.55,0.42,0.765,4.0,0.31,-0.08,12.0,1.89,15.0,0.85,0.14,0.26,0.25,12.0,0.36,0.14,0.57,0.448,0.774,6.0,0.28,0.02,7.0,1.95,10.0,0.85,0.15,0.25,0.5,8.0,0.36,0.14,0.57,0.448,0.774,6.0,0.28,0.02,7.0,1.95,10.0,0.85,0.15,0.25,0.5,8.0,0.36,0.14,0.57,0.448,0.774,6.0,0.28,0.02,7.0,1.95,10.0,0.85,0.15,0.25,0.5,8.0,0.36,0.14,0.57,0.448,0.774,6.0,0.28,0.02,7.0,1.95,10.0,0.85,0.15,0.25,0.5,8.0,False,1,3.0,-21,74,1610612749,Milwaukee Bucks,0,3.0,0.36,0.07,0.63,0.448,0.876,4.0,0.19,0.08,5.0,1.97,10.0,0.82,0.12,0.29,0.75,3.0,0.34,0.07,0.6,0.442,0.817,6.0,0.23,-0.02,10.0,1.93,14.0,0.83,0.14,0.28,0.5,8.0,0.34,0.07,0.6,0.442,0.817,6.0,0.23,-0.02,10.0,1.93,14.0,0.83,0.14,0.28,0.5,8.0,0.34,0.07,0.6,0.442,0.817,6.0,0.23,-0.02,10.0,1.93,14.0,0.83,0.14,0.28,0.5,8.0,0.34,0.07,0.6,0.442,0.817,6.0,0.23,-0.02,10.0,1.93,14.0,0.83,0.14,0.28,0.5,8.0
46,15,2010-05-02,40900231,True,0,0.0,5,104,1610612747,Los Angeles Lakers,1,0.0,0.48,0.15,0.6999999999999998,0.473,0.658,3.0,0.21,0.03,6.0,2.05,4.0,0.91,0.13,0.28,0.6670000000000001,6.0,0.43,0.13,0.67,0.442,0.691,6.0,0.24,0.03,5.0,1.99,6.0,0.9,0.13,0.27,0.6670000000000001,3.0,0.43,0.13,0.67,0.442,0.691,6.0,0.24,0.03,5.0,1.99,6.0,0.9,0.13,0.27,0.6670000000000001,3.0,0.43,0.13,0.67,0.442,0.691,6.0,0.24,0.03,5.0,1.99,6.0,0.9,0.13,0.27,0.6670000000000001,3.0,0.43,0.13,0.67,0.442,0.691,6.0,0.24,0.03,5.0,1.99,6.0,0.9,0.13,0.27,0.6670000000000001,3.0,False,1,0.0,-5,99,1610612762,Utah Jazz,0,0.0,0.5,0.08,0.65,0.492,0.691,4.0,0.22,0.09,4.0,2.27,1.0,0.88,0.11,0.31,0.75,3.0,0.51,0.09,0.62,0.507,0.715,6.0,0.18,0.02,6.0,2.3,1.0,0.8,0.11,0.3,0.667,3.0,0.51,0.09,0.62,0.507,0.715,6.0,0.18,0.02,6.0,2.3,1.0,0.8,0.11,0.3,0.667,3.0,0.51,0.09,0.62,0.507,0.715,6.0,0.18,0.02,6.0,2.3,1.0,0.8,0.11,0.3,0.667,3.0,0.51,0.09,0.62,0.507,0.715,6.0,0.18,0.02,6.0,2.3,1.0,0.8,0.11,0.3,0.667,3.0
47,16,2010-05-03,40900202,False,0,1.0,18,104,1610612738,Boston Celtics,1,0.0,0.47,0.11,0.63,0.473,0.743,3.0,0.16,-0.05,12.0,1.95,9.0,0.79,0.19,0.33,0.333,10.0,0.45,0.1,0.66,0.469,0.77,6.0,0.17,0.11,4.0,1.99,7.0,0.83,0.19,0.33,0.6670000000000001,4.0,0.45,0.1,0.66,0.469,0.77,6.0,0.17,0.11,4.0,1.99,7.0,0.83,0.19,0.33,0.6670000000000001,4.0,0.45,0.1,0.66,0.469,0.77,6.0,0.17,0.11,4.0,1.99,7.0,0.83,0.19,0.33,0.6670000000000001,4.0,0.45,0.1,0.66,0.469,0.77,6.0,0.17,0.11,4.0,1.99,7.0,0.83,0.19,0.33,0.6670000000000001,4.0,True,1,0.0,-18,86,1610612739,Cleveland Cavaliers,0,1.0,0.43,0.13,0.66,0.496,0.6880000000000001,3.0,0.17,0.23,1.0,2.21,3.0,0.83,0.14,0.25,1.0,1.0,0.47,0.16,0.67,0.49,0.715,6.0,0.19,0.19,3.0,2.19,3.0,0.86,0.12,0.27,0.8329999999999999,2.0,0.47,0.16,0.67,0.49,0.715,6.0,0.19,0.19,3.0,2.19,3.0,0.86,0.12,0.27,0.8329999999999999,2.0,0.47,0.16,0.67,0.49,0.715,6.0,0.19,0.19,3.0,2.19,3.0,0.86,0.12,0.27,0.8329999999999999,2.0,0.47,0.16,0.67,0.49,0.715,6.0,0.19,0.19,3.0,2.19,3.0,0.86,0.12,0.27,0.8329999999999999,2.0
48,16,2010-05-03,40900221,True,0,0.0,9,111,1610612756,Phoenix Suns,1,0.0,0.41,0.1,0.63,0.457,0.7719999999999999,3.0,0.2,0.13,3.0,2.03,5.0,0.83,0.13,0.29,0.6670000000000001,4.0,0.44,0.09,0.63,0.472,0.779,6.0,0.23,0.22,1.0,2.15,4.0,0.85,0.11,0.26,0.6670000000000001,4.0,0.44,0.09,0.63,0.472,0.779,6.0,0.23,0.22,1.0,2.15,4.0,0.85,0.11,0.26,0.6670000000000001,4.0,0.44,0.09,0.63,0.472,0.779,6.0,0.23,0.22,1.0,2.15,4.0,0.85,0.11,0.26,0.6670000000000001,4.0,0.44,0.09,0.63,0.472,0.779,6.0,0.23,0.22,1.0,2.15,4.0,0.85,0.11,0.26,0.6670000000000001,4.0,False,1,0.0,-9,102,1610612759,San Antonio Spurs,0,0.0,0.3699999999999999,0.09,0.67,0.429,0.678,3.0,0.22,-0.06,13.0,1.88,15.0,0.88,0.14,0.26,0.6670000000000001,4.0,0.38,0.07,0.64,0.459,0.705,6.0,0.23,0.01,7.0,1.94,11.0,0.87,0.13,0.26,0.6670000000000001,4.0,0.38,0.07,0.64,0.459,0.705,6.0,0.23,0.01,7.0,1.94,11.0,0.87,0.13,0.26,0.6670000000000001,4.0,0.38,0.07,0.64,0.459,0.705,6.0,0.23,0.01,7.0,1.94,11.0,0.87,0.13,0.26,0.6670000000000001,4.0,0.38,0.07,0.64,0.459,0.705,6.0,0.23,0.01,7.0,1.94,11.0,0.87,0.13,0.26,0.6670000000000001,4.0
49,17,2010-05-04,40900211,False,1,0.0,-43,71,1610612737,Atlanta Hawks,0,0.0,0.34,0.13,0.64,0.441,0.79,4.0,0.29,0.13,4.0,1.92,12.0,0.93,0.09,0.26,0.5,5.0,0.38,0.14,0.6,0.451,0.779,7.0,0.29,0.08,5.0,1.95,11.0,0.89,0.13,0.25,0.571,6.0,0.38,0.14,0.6,0.451,0.779,7.0,0.29,0.08,5.0,1.95,11.0,0.89,0.13,0.25,0.571,6.0,0.38,0.14,0.6,0.451,0.779,7.0,0.29,0.08,5.0,1.95,11.0,0.89,0.13,0.25,0.571,6.0,0.38,0.14,0.6,0.451,0.779,7.0,0.29,0.08,5.0,1.95,11.0,0.89,0.13,0.25,0.571,6.0,True,0,0.0,43,114,1610612753,Orlando Magic,1,0.0,0.38,0.08,0.65,0.418,0.714,1.0,0.15,0.19,3.0,2.06,6.0,0.79,0.15,0.15,1.0,1.0,0.32,0.14,0.59,0.44,0.713,4.0,0.19,0.19,2.0,1.97,8.0,0.79,0.16,0.27,1.0,1.0,0.32,0.14,0.59,0.44,0.713,4.0,0.19,0.19,2.0,1.97,8.0,0.79,0.16,0.27,1.0,1.0,0.32,0.14,0.59,0.44,0.713,4.0,0.19,0.19,2.0,1.97,8.0,0.79,0.16,0.27,1.0,1.0,0.32,0.14,0.59,0.44,0.713,4.0,0.19,0.19,2.0,1.97,8.0,0.79,0.16,0.27,1.0,1.0
50,17,2010-05-04,40900232,True,0,0.0,8,111,1610612747,Los Angeles Lakers,1,1.0,0.47,0.17,0.6999999999999998,0.513,0.7079999999999999,3.0,0.21,0.21,2.0,2.15,4.0,0.91,0.15,0.3,1.0,1.0,0.43,0.13,0.67,0.454,0.699,7.0,0.23,0.04,6.0,2.01,6.0,0.9,0.13,0.27,0.714,2.0,0.43,0.13,0.67,0.454,0.699,7.0,0.23,0.04,6.0,2.01,6.0,0.9,0.13,0.27,0.714,2.0,0.43,0.13,0.67,0.454,0.699,7.0,0.23,0.04,6.0,2.01,6.0,0.9,0.13,0.27,0.714,2.0,0.43,0.13,0.67,0.454,0.699,7.0,0.23,0.04,6.0,2.01,6.0,0.9,0.13,0.27,0.714,2.0,False,1,1.0,-8,103,1610612762,Utah Jazz,0,0.0,0.48,0.09,0.62,0.486,0.727,4.0,0.23,0.0,8.0,2.24,2.0,0.85,0.1,0.32,0.5,5.0,0.51,0.08,0.61,0.497,0.727,7.0,0.19,0.01,7.0,2.27,2.0,0.8,0.12,0.29,0.571,6.0,0.51,0.08,0.61,0.497,0.727,7.0,0.19,0.01,7.0,2.27,2.0,0.8,0.12,0.29,0.571,6.0,0.51,0.08,0.61,0.497,0.727,7.0,0.19,0.01,7.0,2.27,2.0,0.8,0.12,0.29,0.571,6.0,0.51,0.08,0.61,0.497,0.727,7.0,0.19,0.01,7.0,2.27,2.0,0.8,0.12,0.29,0.571,6.0
51,18,2010-05-05,40900222,True,0,0.0,8,110,1610612756,Phoenix Suns,1,1.0,0.4000000000000001,0.09,0.67,0.4869999999999999,0.782,3.0,0.2,0.26,2.0,2.2,3.0,0.87,0.13,0.32,1.0,1.0,0.42,0.08,0.65,0.4789999999999999,0.775,7.0,0.21,0.21,2.0,2.18,3.0,0.86,0.1,0.27,0.714,3.0,0.42,0.08,0.65,0.4789999999999999,0.775,7.0,0.21,0.21,2.0,2.18,3.0,0.86,0.1,0.27,0.714,3.0,0.42,0.08,0.65,0.4789999999999999,0.775,7.0,0.21,0.21,2.0,2.18,3.0,0.86,0.1,0.27,0.714,3.0,0.42,0.08,0.65,0.4789999999999999,0.775,7.0,0.21,0.21,2.0,2.18,3.0,0.86,0.1,0.27,0.714,3.0,False,1,1.0,-8,102,1610612759,San Antonio Spurs,0,0.0,0.36,0.1,0.64,0.431,0.6999999999999998,3.0,0.21,-0.15,12.0,1.94,10.0,0.85,0.14,0.26,0.333,10.0,0.38,0.07,0.63,0.459,0.706,7.0,0.23,-0.02,8.0,1.97,9.0,0.86,0.13,0.26,0.571,6.0,0.38,0.07,0.63,0.459,0.706,7.0,0.23,-0.02,8.0,1.97,9.0,0.86,0.13,0.26,0.571,6.0,0.38,0.07,0.63,0.459,0.706,7.0,0.23,-0.02,8.0,1.97,9.0,0.86,0.13,0.26,0.571,6.0,0.38,0.07,0.63,0.459,0.706,7.0,0.23,-0.02,8.0,1.97,9.0,0.86,0.13,0.26,0.571,6.0
52,19,2010-05-06,40900212,False,1,1.0,-14,98,1610612737,Atlanta Hawks,0,0.0,0.33,0.14,0.66,0.408,0.756,4.0,0.28,-0.06,9.0,1.75,14.0,0.94,0.11,0.28,0.5,6.0,0.36,0.12,0.59,0.424,0.778,7.0,0.29,-0.08,11.0,1.86,15.0,0.88,0.14,0.26,0.429,9.0,0.36,0.14,0.59,0.438,0.773,8.0,0.28,-0.04,11.0,1.89,13.0,0.87,0.14,0.26,0.5,6.0,0.36,0.14,0.59,0.438,0.773,8.0,0.28,-0.04,11.0,1.89,13.0,0.87,0.14,0.26,0.5,6.0,0.36,0.14,0.59,0.438,0.773,8.0,0.28,-0.04,11.0,1.89,13.0,0.87,0.14,0.26,0.5,6.0,True,0,0.0,14,112,1610612753,Orlando Magic,1,1.0,0.48,0.15,0.81,0.524,0.708,1.0,0.29,0.9,1.0,2.38,1.0,1.1,0.13,0.27,1.0,1.0,0.38,0.12,0.66,0.463,0.714,4.0,0.22,0.37,1.0,2.06,7.0,0.89,0.16,0.29,1.0,1.0,0.35,0.14,0.64,0.46,0.712,5.0,0.21,0.33,1.0,2.05,5.0,0.85,0.15,0.27,1.0,1.0,0.35,0.14,0.64,0.46,0.712,5.0,0.21,0.33,1.0,2.05,5.0,0.85,0.15,0.27,1.0,1.0,0.35,0.14,0.64,0.46,0.712,5.0,0.21,0.33,1.0,2.05,5.0,0.85,0.15,0.27,1.0,1.0
53,20,2010-05-07,40900203,True,1,1.0,-29,95,1610612738,Boston Celtics,0,1.0,0.52,0.08,0.68,0.478,0.821,2.0,0.2,0.1,3.0,2.05,7.0,0.88,0.15,0.36,0.5,4.0,0.49,0.08,0.67,0.48,0.775,6.0,0.18,0.15,3.0,2.05,8.0,0.85,0.18,0.33,0.667,4.0,0.48,0.09,0.67,0.475,0.777,7.0,0.17,0.15,3.0,2.01,8.0,0.84,0.18,0.34,0.714,4.0,0.48,0.09,0.67,0.475,0.777,7.0,0.17,0.15,3.0,2.01,8.0,0.84,0.18,0.34,0.714,4.0,0.48,0.09,0.67,0.475,0.777,7.0,0.17,0.15,3.0,2.01,8.0,0.84,0.18,0.34,0.714,4.0,False,0,1.0,29,124,1610612739,Cleveland Cavaliers,1,1.0,0.36,0.1,0.58,0.446,0.681,2.0,0.18,-0.1,9.0,1.95,9.0,0.76,0.18,0.27,0.5,4.0,0.42,0.13,0.63,0.466,0.679,5.0,0.18,0.05,4.0,2.13,4.0,0.81,0.14,0.27,0.6,5.0,0.45,0.15,0.65,0.479,0.709,7.0,0.18,0.11,4.0,2.14,4.0,0.83,0.13,0.28,0.714,4.0,0.45,0.15,0.65,0.479,0.709,7.0,0.18,0.11,4.0,2.14,4.0,0.83,0.13,0.28,0.714,4.0,0.45,0.15,0.65,0.479,0.709,7.0,0.18,0.11,4.0,2.14,4.0,0.83,0.13,0.28,0.714,4.0
54,20,2010-05-07,40900223,False,0,0.0,14,110,1610612756,Phoenix Suns,1,2.0,0.3899999999999999,0.08,0.6999999999999998,0.4709999999999999,0.739,3.0,0.22,0.18,2.0,2.22,3.0,0.92,0.12,0.33,1.0,1.0,0.42,0.07,0.65,0.481,0.774,7.0,0.22,0.25,2.0,2.21,2.0,0.87,0.12,0.28,0.8569999999999999,2.0,0.42,0.07,0.65,0.472,0.777,8.0,0.23,0.21,2.0,2.19,3.0,0.88,0.11,0.28,0.75,2.0,0.42,0.07,0.65,0.472,0.777,8.0,0.23,0.21,2.0,2.19,3.0,0.88,0.11,0.28,0.75,2.0,0.42,0.07,0.65,0.472,0.777,8.0,0.23,0.21,2.0,2.19,3.0,0.88,0.11,0.28,0.75,2.0,True,1,2.0,-14,96,1610612759,San Antonio Spurs,0,0.0,0.48,0.12,0.63,0.4789999999999999,0.6670000000000001,3.0,0.19,-0.05,7.0,2.09,6.0,0.82,0.16,0.22,0.333,8.0,0.4000000000000001,0.09,0.64,0.46,0.691,7.0,0.22,-0.02,8.0,1.99,10.0,0.86,0.14,0.24,0.571,6.0,0.4000000000000001,0.08,0.63,0.465,0.703,8.0,0.22,-0.04,10.0,1.99,9.0,0.85,0.14,0.26,0.5,6.0,0.4000000000000001,0.08,0.63,0.465,0.703,8.0,0.22,-0.04,10.0,1.99,9.0,0.85,0.14,0.26,0.5,6.0,0.4000000000000001,0.08,0.63,0.465,0.703,8.0,0.22,-0.04,10.0,1.99,9.0,0.85,0.14,0.26,0.5,6.0
55,21,2010-05-08,40900213,True,1,2.0,-30,75,1610612737,Atlanta Hawks,0,0.0,0.33,0.1,0.65,0.403,0.826,4.0,0.3,-0.11,8.0,1.81,12.0,0.95,0.1,0.27,0.5,5.0,0.33,0.1,0.57,0.416,0.806,7.0,0.3,-0.15,13.0,1.87,15.0,0.88,0.12,0.27,0.286,12.0,0.36,0.13,0.58,0.435,0.804,9.0,0.28,-0.07,11.0,1.91,13.0,0.87,0.13,0.26,0.444,7.0,0.36,0.13,0.58,0.435,0.804,9.0,0.28,-0.07,11.0,1.91,13.0,0.87,0.13,0.26,0.444,7.0,0.36,0.13,0.58,0.435,0.804,9.0,0.28,-0.07,11.0,1.91,13.0,0.87,0.13,0.26,0.444,7.0,False,0,0.0,30,105,1610612753,Orlando Magic,1,2.0,0.41,0.1,0.69,0.539,0.698,2.0,0.23,0.59,1.0,2.35,1.0,0.92,0.11,0.23,1.0,1.0,0.37,0.11,0.64,0.482,0.709,5.0,0.21,0.35,1.0,2.11,5.0,0.85,0.15,0.27,1.0,1.0,0.35,0.13,0.63,0.475,0.708,6.0,0.2,0.33,1.0,2.1,5.0,0.83,0.15,0.25,1.0,1.0,0.35,0.13,0.63,0.475,0.708,6.0,0.2,0.33,1.0,2.1,5.0,0.83,0.15,0.25,1.0,1.0,0.35,0.13,0.63,0.475,0.708,6.0,0.2,0.33,1.0,2.1,5.0,0.83,0.15,0.25,1.0,1.0
56,21,2010-05-08,40900233,False,0,0.0,1,111,1610612747,Los Angeles Lakers,1,2.0,0.47,0.19,0.7399999999999999,0.502,0.727,3.0,0.26,0.1,4.0,2.15,6.0,1.0,0.13,0.3499999999999999,1.0,1.0,0.47,0.16,0.7200000000000001,0.484,0.709,6.0,0.23,0.04,4.0,2.1,6.0,0.94,0.13,0.28,0.6670000000000001,3.0,0.44,0.15,0.69,0.46,0.7079999999999999,8.0,0.25,0.06,4.0,2.05,6.0,0.94,0.13,0.29,0.75,3.0,0.44,0.15,0.69,0.46,0.7079999999999999,8.0,0.25,0.06,4.0,2.05,6.0,0.94,0.13,0.29,0.75,3.0,0.44,0.15,0.69,0.46,0.7079999999999999,8.0,0.25,0.06,4.0,2.05,6.0,0.94,0.13,0.29,0.75,3.0,True,1,2.0,-1,110,1610612762,Utah Jazz,0,0.0,0.53,0.07,0.59,0.448,0.71,3.0,0.26,-0.03,6.0,2.18,3.0,0.85,0.14,0.28,0.333,6.0,0.51,0.08,0.6,0.466,0.707,6.0,0.25,0.01,5.0,2.22,1.0,0.85,0.14,0.28,0.5,6.0,0.52,0.08,0.59,0.482,0.722,8.0,0.22,-0.02,7.0,2.25,2.0,0.8000000000000002,0.13,0.28,0.5,6.0,0.52,0.08,0.59,0.482,0.722,8.0,0.22,-0.02,7.0,2.25,2.0,0.8000000000000002,0.13,0.28,0.5,6.0,0.52,0.08,0.59,0.482,0.722,8.0,0.22,-0.02,7.0,2.25,2.0,0.8000000000000002,0.13,0.28,0.5,6.0
57,22,2010-05-09,40900204,True,0,2.0,10,97,1610612738,Boston Celtics,1,1.0,0.49,0.1,0.56,0.461,0.779,3.0,0.23,-0.13,7.0,2.03,8.0,0.79,0.12,0.29,0.333,6.0,0.47,0.09,0.59,0.4709999999999999,0.757,6.0,0.19,-0.06,10.0,2.01,9.0,0.7799999999999999,0.16,0.31,0.5,6.0,0.47,0.09,0.63,0.469,0.769,8.0,0.18,0.06,4.0,2.01,8.0,0.81,0.17,0.31,0.625,5.0,0.47,0.09,0.63,0.469,0.769,8.0,0.18,0.06,4.0,2.01,8.0,0.81,0.17,0.31,0.625,5.0,0.47,0.09,0.63,0.469,0.769,8.0,0.18,0.06,4.0,2.01,8.0,0.81,0.17,0.31,0.625,5.0,False,1,1.0,-10,87,1610612739,Cleveland Cavaliers,0,2.0,0.42,0.1,0.63,0.4949999999999999,0.757,3.0,0.19,0.13,3.0,2.16,6.0,0.82,0.14,0.26,0.6670000000000001,4.0,0.43,0.12,0.64,0.4869999999999999,0.719,6.0,0.19,0.15,3.0,2.2,2.0,0.83,0.13,0.26,0.6670000000000001,4.0,0.46,0.14,0.66,0.493,0.738,8.0,0.19,0.17,3.0,2.19,4.0,0.85,0.12,0.28,0.75,4.0,0.46,0.14,0.66,0.493,0.738,8.0,0.19,0.17,3.0,2.19,4.0,0.85,0.12,0.28,0.75,4.0,0.46,0.14,0.66,0.493,0.738,8.0,0.19,0.17,3.0,2.19,4.0,0.85,0.12,0.28,0.75,4.0
58,22,2010-05-09,40900224,False,0,0.0,6,107,1610612756,Phoenix Suns,1,3.0,0.3499999999999999,0.06,0.69,0.49,0.747,3.0,0.22,0.22,2.0,2.3,1.0,0.9,0.12,0.29,1.0,1.0,0.3899999999999999,0.08,0.65,0.481,0.75,7.0,0.2,0.21,2.0,2.18,4.0,0.85,0.13,0.29,0.8569999999999999,2.0,0.41,0.08,0.65,0.478,0.767,9.0,0.22,0.22,2.0,2.2,3.0,0.87,0.11,0.27,0.778,2.0,0.41,0.08,0.65,0.478,0.767,9.0,0.22,0.22,2.0,2.2,3.0,0.87,0.11,0.27,0.778,2.0,0.41,0.08,0.65,0.478,0.767,9.0,0.22,0.22,2.0,2.2,3.0,0.87,0.11,0.27,0.778,2.0,True,1,3.0,-6,101,1610612759,San Antonio Spurs,0,0.0,0.44,0.14,0.63,0.4709999999999999,0.654,3.0,0.19,-0.22,9.0,2.08,7.0,0.82,0.15,0.25,0.0,8.0,0.4000000000000001,0.11,0.63,0.455,0.68,7.0,0.21,-0.11,12.0,1.98,11.0,0.84,0.14,0.25,0.429,8.0,0.4000000000000001,0.09,0.64,0.463,0.6869999999999999,9.0,0.22,-0.06,10.0,1.99,9.0,0.85,0.14,0.26,0.444,6.0,0.4000000000000001,0.09,0.64,0.463,0.6869999999999999,9.0,0.22,-0.06,10.0,1.99,9.0,0.85,0.14,0.26,0.444,6.0,0.4000000000000001,0.09,0.64,0.463,0.6869999999999999,9.0,0.22,-0.06,10.0,1.99,9.0,0.85,0.14,0.26,0.444,6.0
59,23,2010-05-10,40900214,True,1,3.0,-14,84,1610612737,Atlanta Hawks,0,0.0,0.3,0.07,0.57,0.394,0.82,4.0,0.29,-0.34,8.0,1.77,8.0,0.86,0.1,0.25,0.25,6.0,0.31,0.09,0.56,0.407,0.793,8.0,0.3,-0.21,15.0,1.83,16.0,0.86,0.12,0.26,0.25,12.0,0.34,0.11,0.57,0.426,0.793,10.0,0.28,-0.13,12.0,1.88,13.0,0.85,0.13,0.25,0.4,8.0,0.34,0.11,0.57,0.426,0.793,10.0,0.28,-0.13,12.0,1.88,13.0,0.85,0.13,0.25,0.4,8.0,0.34,0.11,0.57,0.426,0.793,10.0,0.28,-0.13,12.0,1.88,13.0,0.85,0.13,0.25,0.4,8.0,False,0,0.0,14,98,1610612753,Orlando Magic,1,3.0,0.42,0.1,0.7399999999999999,0.529,0.691,3.0,0.22,0.6,1.0,2.3,1.0,0.97,0.11,0.22,1.0,1.0,0.38,0.12,0.71,0.492,0.707,5.0,0.21,0.42,1.0,2.17,4.0,0.92,0.13,0.25,1.0,1.0,0.36,0.12,0.66,0.48,0.7040000000000001,7.0,0.21,0.3699999999999999,1.0,2.11,5.0,0.86,0.14,0.24,1.0,1.0,0.36,0.12,0.66,0.48,0.7040000000000001,7.0,0.21,0.3699999999999999,1.0,2.11,5.0,0.86,0.14,0.24,1.0,1.0,0.36,0.12,0.66,0.48,0.7040000000000001,7.0,0.21,0.3699999999999999,1.0,2.11,5.0,0.86,0.14,0.24,1.0,1.0
60,23,2010-05-10,40900234,False,0,0.0,15,111,1610612747,Los Angeles Lakers,1,3.0,0.43,0.17,0.68,0.502,0.7680000000000001,3.0,0.29,0.1,3.0,2.26,3.0,0.97,0.13,0.29,1.0,1.0,0.45,0.16,0.69,0.488,0.7159999999999999,6.0,0.25,0.06,4.0,2.16,5.0,0.94,0.13,0.28,0.8329999999999999,3.0,0.43,0.14,0.67,0.462,0.719,9.0,0.25,0.06,5.0,2.08,6.0,0.93,0.13,0.28,0.778,3.0,0.43,0.14,0.67,0.462,0.719,9.0,0.25,0.06,5.0,2.08,6.0,0.93,0.13,0.28,0.778,3.0,0.43,0.14,0.67,0.462,0.719,9.0,0.25,0.06,5.0,2.08,6.0,0.93,0.13,0.28,0.778,3.0,True,1,3.0,-15,96,1610612762,Utah Jazz,0,0.0,0.51,0.07,0.53,0.438,0.7879999999999999,3.0,0.3,-0.1,6.0,2.17,4.0,0.83,0.15,0.22,0.0,7.0,0.51,0.08,0.6,0.468,0.725,7.0,0.26,0.01,6.0,2.23,1.0,0.86,0.13,0.27,0.429,7.0,0.51,0.08,0.59,0.482,0.734,9.0,0.22,-0.02,7.0,2.26,2.0,0.81,0.13,0.28,0.444,6.0,0.51,0.08,0.59,0.482,0.734,9.0,0.22,-0.02,7.0,2.26,2.0,0.81,0.13,0.28,0.444,6.0,0.51,0.08,0.59,0.482,0.734,9.0,0.22,-0.02,7.0,2.26,2.0,0.81,0.13,0.28,0.444,6.0
61,24,2010-05-11,40900205,False,0,2.0,32,120,1610612738,Boston Celtics,1,2.0,0.48,0.11,0.63,0.462,0.7360000000000001,3.0,0.21,-0.01,5.0,2.06,7.0,0.83,0.15,0.26,0.6670000000000001,4.0,0.47,0.11,0.63,0.467,0.739,6.0,0.18,-0.03,8.0,2.0,8.0,0.81,0.17,0.3,0.5,6.0,0.46,0.1,0.65,0.466,0.757,9.0,0.18,0.07,5.0,2.01,8.0,0.83,0.17,0.31,0.6670000000000001,4.0,0.46,0.1,0.65,0.466,0.757,9.0,0.18,0.07,5.0,2.01,8.0,0.83,0.17,0.31,0.6670000000000001,4.0,0.46,0.1,0.65,0.466,0.757,9.0,0.18,0.07,5.0,2.01,8.0,0.83,0.17,0.31,0.6670000000000001,4.0,True,1,2.0,-32,88,1610612739,Cleveland Cavaliers,0,2.0,0.42,0.1,0.63,0.469,0.775,3.0,0.14,0.01,4.0,2.06,6.0,0.7600000000000001,0.13,0.31,0.333,5.0,0.43,0.11,0.64,0.4829999999999999,0.735,6.0,0.15,0.12,3.0,2.14,6.0,0.8000000000000002,0.13,0.28,0.6670000000000001,4.0,0.45,0.14,0.65,0.484,0.739,9.0,0.18,0.13,3.0,2.15,4.0,0.83,0.12,0.28,0.6670000000000001,4.0,0.45,0.14,0.65,0.484,0.739,9.0,0.18,0.13,3.0,2.15,4.0,0.83,0.12,0.28,0.6670000000000001,4.0,0.45,0.14,0.65,0.484,0.739,9.0,0.18,0.13,3.0,2.15,4.0,0.83,0.12,0.28,0.6670000000000001,4.0
62,26,2010-05-13,40900206,True,0,2.0,9,94,1610612738,Boston Celtics,1,3.0,0.44,0.13,0.6,0.4749999999999999,0.709,3.0,0.22,0.09,4.0,2.17,4.0,0.82,0.13,0.2,0.6670000000000001,4.0,0.49,0.11,0.63,0.478,0.7559999999999999,6.0,0.2,0.11,5.0,2.1,6.0,0.83,0.15,0.28,0.6670000000000001,4.0,0.47,0.1,0.65,0.4749999999999999,0.751,10.0,0.18,0.13,3.0,2.06,7.0,0.83,0.17,0.3,0.6999999999999998,4.0,0.47,0.1,0.65,0.4749999999999999,0.751,10.0,0.18,0.13,3.0,2.06,7.0,0.83,0.17,0.3,0.6999999999999998,4.0,0.47,0.1,0.65,0.4749999999999999,0.751,10.0,0.18,0.13,3.0,2.06,7.0,0.83,0.17,0.3,0.6999999999999998,4.0,False,1,3.0,-9,85,1610612739,Cleveland Cavaliers,0,2.0,0.44,0.13,0.61,0.474,0.8130000000000001,3.0,0.15,-0.09,5.0,2.08,6.0,0.7600000000000001,0.1,0.32,0.333,5.0,0.42,0.12,0.6,0.463,0.745,6.0,0.16,-0.07,8.0,2.02,7.0,0.7600000000000001,0.13,0.3,0.5,5.0,0.45,0.15,0.64,0.477,0.745,10.0,0.17,0.05,5.0,2.12,4.0,0.81,0.12,0.29,0.6,5.0,0.45,0.15,0.64,0.477,0.745,10.0,0.17,0.05,5.0,2.12,4.0,0.81,0.12,0.29,0.6,5.0,0.45,0.15,0.64,0.477,0.745,10.0,0.17,0.05,5.0,2.12,4.0,0.81,0.12,0.29,0.6,5.0
63,29,2010-05-16,40900301,False,0,0.0,4,92,1610612738,Boston Celtics,1,0.0,0.46,0.12,0.61,0.467,0.691,4.0,0.19,0.11,4.0,2.11,4.0,0.81,0.17,0.22,0.75,4.0,0.48,0.11,0.64,0.47,0.72,6.0,0.19,0.11,4.0,2.09,6.0,0.83,0.16,0.27,0.667,4.0,0.47,0.1,0.65,0.472,0.738,11.0,0.18,0.14,3.0,2.05,7.0,0.83,0.18,0.29,0.727,4.0,0.47,0.1,0.65,0.472,0.738,11.0,0.18,0.14,3.0,2.05,7.0,0.83,0.18,0.29,0.727,4.0,0.47,0.1,0.65,0.472,0.738,11.0,0.18,0.14,3.0,2.05,7.0,0.83,0.18,0.29,0.727,4.0,True,1,0.0,-4,88,1610612753,Orlando Magic,0,0.0,0.5,0.11,0.78,0.529,0.623,2.0,0.14,0.46,1.0,2.11,4.0,0.92,0.09,0.26,1.0,1.0,0.45,0.11,0.73,0.535,0.664,4.0,0.18,0.53,1.0,2.23,2.0,0.92,0.1,0.24,1.0,1.0,0.39,0.12,0.66,0.488,0.69,8.0,0.19,0.36,1.0,2.1,4.0,0.85,0.13,0.26,1.0,1.0,0.39,0.12,0.66,0.488,0.69,8.0,0.19,0.36,1.0,2.1,4.0,0.85,0.13,0.26,1.0,1.0,0.39,0.12,0.66,0.488,0.69,8.0,0.19,0.36,1.0,2.1,4.0,0.85,0.13,0.26,1.0,1.0
64,30,2010-05-17,40900311,True,0,0.0,21,128,1610612747,Los Angeles Lakers,1,0.0,0.33,0.1,0.56,0.465,0.818,2.0,0.28,0.17,3.0,2.31,1.0,0.84,0.13,0.15,1.0,1.0,0.41,0.16,0.67,0.486,0.765,5.0,0.27,0.13,3.0,2.22,2.0,0.94,0.13,0.27,1.0,1.0,0.42,0.14,0.66,0.461,0.732,10.0,0.26,0.08,4.0,2.1,4.0,0.92,0.13,0.26,0.8,2.0,0.42,0.14,0.66,0.461,0.732,10.0,0.26,0.08,4.0,2.1,4.0,0.92,0.13,0.26,0.8,2.0,0.42,0.14,0.66,0.461,0.732,10.0,0.26,0.08,4.0,2.1,4.0,0.92,0.13,0.26,0.8,2.0,False,1,0.0,-21,107,1610612756,Phoenix Suns,0,0.0,0.46,0.13,0.6,0.457,0.821,1.0,0.17,0.13,4.0,2.23,2.0,0.77,0.19,0.25,1.0,1.0,0.38,0.08,0.67,0.481,0.766,4.0,0.2,0.19,2.0,2.28,1.0,0.87,0.14,0.28,1.0,1.0,0.41,0.08,0.64,0.476,0.773,10.0,0.22,0.21,2.0,2.2,3.0,0.86,0.12,0.27,0.8,2.0,0.41,0.08,0.64,0.476,0.773,10.0,0.22,0.21,2.0,2.2,3.0,0.86,0.12,0.27,0.8,2.0,0.41,0.08,0.64,0.476,0.773,10.0,0.22,0.21,2.0,2.2,3.0,0.86,0.12,0.27,0.8,2.0
65,31,2010-05-18,40900302,False,0,0.0,3,95,1610612738,Boston Celtics,1,1.0,0.46,0.11,0.69,0.472,0.699,4.0,0.16,0.29,2.0,2.1,4.0,0.85,0.19,0.27,1.0,1.0,0.47,0.11,0.64,0.467,0.726,7.0,0.19,0.11,3.0,2.07,6.0,0.82,0.16,0.28,0.714,4.0,0.47,0.1,0.65,0.47,0.741,12.0,0.17,0.13,3.0,2.04,7.0,0.82,0.18,0.3,0.75,3.0,0.47,0.1,0.65,0.47,0.741,12.0,0.17,0.13,3.0,2.04,7.0,0.82,0.18,0.3,0.75,3.0,0.47,0.1,0.65,0.47,0.741,12.0,0.17,0.13,3.0,2.04,7.0,0.82,0.18,0.3,0.75,3.0,True,1,1.0,-3,92,1610612753,Orlando Magic,0,0.0,0.39,0.15,0.67,0.479,0.644,2.0,0.19,0.1,3.0,1.94,6.0,0.85,0.1,0.35,0.5,3.0,0.4,0.12,0.71,0.51,0.676,5.0,0.21,0.4,1.0,2.15,3.0,0.92,0.11,0.27,0.8,2.0,0.37,0.13,0.66,0.48,0.694,9.0,0.2,0.31,1.0,2.07,6.0,0.86,0.13,0.27,0.889,1.0,0.37,0.13,0.66,0.48,0.694,9.0,0.2,0.31,1.0,2.07,6.0,0.86,0.13,0.27,0.889,1.0,0.37,0.13,0.66,0.48,0.694,9.0,0.2,0.31,1.0,2.07,6.0,0.86,0.13,0.27,0.889,1.0
66,32,2010-05-19,40900312,True,0,0.0,12,124,1610612747,Los Angeles Lakers,1,1.0,0.42,0.08,0.61,0.52,0.81,2.0,0.26,0.38,1.0,2.49,1.0,0.88,0.16,0.16,1.0,1.0,0.43,0.14,0.65,0.51,0.786,5.0,0.28,0.21,2.0,2.35,1.0,0.93,0.14,0.24,1.0,1.0,0.43,0.13,0.66,0.473,0.738,11.0,0.26,0.11,4.0,2.16,4.0,0.92,0.13,0.26,0.818,1.0,0.43,0.13,0.66,0.473,0.738,11.0,0.26,0.11,4.0,2.16,4.0,0.92,0.13,0.26,0.818,1.0,0.43,0.13,0.66,0.473,0.738,11.0,0.26,0.11,4.0,2.16,4.0,0.92,0.13,0.26,0.818,1.0,False,1,1.0,-12,112,1610612756,Phoenix Suns,0,0.0,0.52,0.06,0.5,0.494,0.75,1.0,0.21,-0.44,7.0,2.23,2.0,0.71,0.13,0.25,0.0,4.0,0.41,0.08,0.63,0.484,0.762,5.0,0.2,0.07,4.0,2.27,2.0,0.84,0.13,0.28,0.8,3.0,0.42,0.08,0.63,0.478,0.771,11.0,0.22,0.15,2.0,2.21,3.0,0.84,0.12,0.27,0.727,4.0,0.42,0.08,0.63,0.478,0.771,11.0,0.22,0.15,2.0,2.21,3.0,0.84,0.12,0.27,0.727,4.0,0.42,0.08,0.63,0.478,0.771,11.0,0.22,0.15,2.0,2.21,3.0,0.84,0.12,0.27,0.727,4.0
67,35,2010-05-22,40900303,True,0,0.0,23,94,1610612738,Boston Celtics,1,2.0,0.45,0.11,0.64,0.449,0.7239999999999999,3.0,0.15,0.11,2.0,1.95,3.0,0.7799999999999999,0.19,0.31,1.0,1.0,0.45,0.12,0.62,0.462,0.7159999999999999,6.0,0.18,0.1,3.0,2.06,6.0,0.8000000000000002,0.16,0.25,0.8329999999999999,2.0,0.46,0.1,0.65,0.469,0.7440000000000001,13.0,0.17,0.13,2.0,2.03,7.0,0.82,0.17,0.3,0.769,3.0,0.47,0.1,0.65,0.4709999999999999,0.741,12.0,0.18,0.12,3.0,2.06,8.0,0.83,0.17,0.29,0.75,3.0,0.46,0.1,0.65,0.469,0.7440000000000001,13.0,0.17,0.13,2.0,2.03,7.0,0.82,0.17,0.3,0.769,3.0,False,1,2.0,-23,71,1610612753,Orlando Magic,0,0.0,0.29,0.1,0.58,0.405,0.75,2.0,0.26,-0.07,3.0,1.88,4.0,0.84,0.16,0.33,0.0,3.0,0.38,0.1,0.66,0.483,0.692,5.0,0.19,0.21,2.0,2.06,5.0,0.85,0.12,0.28,0.6,3.0,0.37,0.12,0.65,0.471,0.702,10.0,0.2,0.27,1.0,2.06,6.0,0.85,0.14,0.27,0.8,2.0,0.38,0.11,0.66,0.474,0.702,9.0,0.21,0.28,1.0,2.06,7.0,0.87,0.14,0.28,0.778,2.0,0.37,0.12,0.65,0.471,0.702,10.0,0.2,0.27,1.0,2.06,6.0,0.85,0.14,0.27,0.8,2.0
68,36,2010-05-23,40900313,False,1,0.0,-9,109,1610612747,Los Angeles Lakers,0,2.0,0.6,0.07,0.59,0.578,0.768,2.0,0.25,0.34,1.0,2.63,1.0,0.84,0.2,0.24,1.0,1.0,0.47,0.09,0.58,0.521,0.793,4.0,0.27,0.26,1.0,2.47,1.0,0.84,0.16,0.19,1.0,1.0,0.45,0.13,0.65,0.481,0.738,12.0,0.26,0.13,3.0,2.19,4.0,0.91,0.14,0.26,0.833,1.0,0.46,0.13,0.66,0.487,0.742,11.0,0.26,0.12,4.0,2.23,2.0,0.91,0.14,0.26,0.818,1.0,0.45,0.13,0.65,0.481,0.738,12.0,0.26,0.13,3.0,2.19,4.0,0.91,0.14,0.26,0.833,1.0,True,0,2.0,9,118,1610612756,Phoenix Suns,1,0.0,0.56,0.07,0.51,0.494,0.759,2.0,0.2,-0.34,4.0,2.28,2.0,0.71,0.14,0.3,0.0,3.0,0.48,0.1,0.57,0.494,0.757,4.0,0.17,-0.07,4.0,2.27,2.0,0.74,0.15,0.28,0.5,3.0,0.44,0.08,0.62,0.479,0.77,12.0,0.21,0.11,4.0,2.22,3.0,0.83,0.12,0.28,0.667,4.0,0.44,0.08,0.62,0.486,0.768,11.0,0.2,0.13,3.0,2.23,1.0,0.82,0.13,0.28,0.727,3.0,0.44,0.08,0.62,0.479,0.77,12.0,0.21,0.11,4.0,2.22,3.0,0.83,0.12,0.28,0.667,4.0
69,37,2010-05-24,40900304,True,1,0.0,-4,92,1610612738,Boston Celtics,0,3.0,0.44,0.1,0.67,0.457,0.7559999999999999,3.0,0.16,0.21,1.0,1.95,3.0,0.83,0.19,0.28,1.0,1.0,0.45,0.11,0.64,0.463,0.7159999999999999,7.0,0.18,0.15,2.0,2.04,5.0,0.82,0.18,0.24,0.8569999999999999,1.0,0.46,0.1,0.65,0.469,0.742,14.0,0.17,0.15,2.0,2.03,6.0,0.83,0.18,0.29,0.786,1.0,0.47,0.1,0.64,0.47,0.733,12.0,0.18,0.11,2.0,2.03,8.0,0.81,0.18,0.28,0.75,1.0,0.46,0.1,0.65,0.469,0.742,14.0,0.17,0.15,2.0,2.03,6.0,0.83,0.18,0.29,0.786,1.0,False,0,3.0,4,96,1610612753,Orlando Magic,1,0.0,0.26,0.1,0.62,0.3939999999999999,0.7680000000000001,3.0,0.19,-0.21,4.0,1.74,4.0,0.81,0.14,0.34,0.0,4.0,0.36,0.11,0.68,0.447,0.711,5.0,0.17,0.06,3.0,1.89,7.0,0.85,0.12,0.31,0.4000000000000001,4.0,0.3499999999999999,0.12,0.65,0.463,0.709,11.0,0.19,0.2,1.0,2.01,8.0,0.84,0.13,0.28,0.727,3.0,0.36,0.11,0.66,0.464,0.71,10.0,0.19,0.21,1.0,2.0,10.0,0.85,0.14,0.29,0.6999999999999998,4.0,0.3499999999999999,0.12,0.65,0.463,0.709,11.0,0.19,0.2,1.0,2.01,8.0,0.84,0.13,0.28,0.727,3.0
70,38,2010-05-25,40900314,False,1,1.0,-9,106,1610612747,Los Angeles Lakers,0,2.0,0.54,0.09,0.62,0.545,0.7760000000000001,3.0,0.23,0.17,1.0,2.51,1.0,0.85,0.16,0.28,0.6670000000000001,2.0,0.46,0.1,0.6,0.513,0.794,5.0,0.25,0.17,2.0,2.43,1.0,0.85,0.15,0.23,0.8000000000000002,2.0,0.45,0.13,0.65,0.481,0.742,13.0,0.25,0.1,4.0,2.2,4.0,0.9,0.14,0.27,0.769,1.0,0.46,0.13,0.66,0.498,0.749,11.0,0.24,0.1,2.0,2.25,1.0,0.9,0.13,0.26,0.727,1.0,0.45,0.13,0.65,0.481,0.742,13.0,0.25,0.1,4.0,2.2,4.0,0.9,0.14,0.27,0.769,1.0,True,0,2.0,9,115,1610612756,Phoenix Suns,1,1.0,0.51,0.06,0.55,0.484,0.81,3.0,0.2,-0.17,4.0,2.34,2.0,0.75,0.16,0.25,0.333,3.0,0.49,0.08,0.56,0.477,0.8130000000000001,4.0,0.19,-0.09,4.0,2.31,2.0,0.7600000000000001,0.17,0.25,0.5,3.0,0.44,0.08,0.62,0.478,0.783,13.0,0.21,0.12,3.0,2.24,2.0,0.83,0.13,0.27,0.6919999999999998,4.0,0.43,0.08,0.62,0.48,0.775,11.0,0.2,0.1,4.0,2.23,2.0,0.81,0.14,0.28,0.727,1.0,0.44,0.08,0.62,0.478,0.783,13.0,0.21,0.12,3.0,2.24,2.0,0.83,0.13,0.27,0.6919999999999998,4.0
71,39,2010-05-26,40900305,False,1,1.0,-21,92,1610612738,Boston Celtics,0,3.0,0.42,0.1,0.68,0.448,0.7559999999999999,3.0,0.17,0.15,1.0,1.89,3.0,0.86,0.19,0.27,0.6670000000000001,1.0,0.44,0.11,0.69,0.462,0.721,7.0,0.16,0.23,1.0,2.01,4.0,0.85,0.19,0.27,0.8569999999999999,1.0,0.46,0.1,0.66,0.466,0.7440000000000001,15.0,0.17,0.14,2.0,2.01,7.0,0.83,0.18,0.29,0.733,2.0,0.46,0.1,0.64,0.466,0.735,13.0,0.18,0.1,2.0,2.01,7.0,0.82,0.18,0.29,0.6919999999999998,4.0,0.46,0.1,0.66,0.466,0.7440000000000001,15.0,0.17,0.14,2.0,2.01,7.0,0.83,0.18,0.29,0.733,2.0,True,0,3.0,21,113,1610612753,Orlando Magic,1,1.0,0.32,0.08,0.61,0.405,0.719,3.0,0.16,-0.15,4.0,1.74,4.0,0.77,0.13,0.34,0.333,4.0,0.34,0.11,0.63,0.435,0.694,5.0,0.17,-0.05,4.0,1.82,6.0,0.8000000000000002,0.12,0.34,0.4000000000000001,4.0,0.3499999999999999,0.12,0.65,0.461,0.6999999999999998,12.0,0.19,0.19,1.0,1.99,9.0,0.84,0.13,0.29,0.75,1.0,0.36,0.11,0.67,0.463,0.701,10.0,0.19,0.18,1.0,1.99,10.0,0.86,0.12,0.29,0.6999999999999998,3.0,0.3499999999999999,0.12,0.65,0.461,0.6999999999999998,12.0,0.19,0.19,1.0,1.99,9.0,0.84,0.13,0.29,0.75,1.0
72,40,2010-05-27,40900315,True,0,2.0,2,103,1610612747,Los Angeles Lakers,1,2.0,0.53,0.12,0.57,0.516,0.7159999999999999,3.0,0.24,-0.04,4.0,2.35,2.0,0.81,0.13,0.26,0.333,4.0,0.49,0.1,0.59,0.518,0.7600000000000001,5.0,0.25,0.13,2.0,2.41,1.0,0.83,0.14,0.22,0.6,2.0,0.45,0.13,0.64,0.482,0.734,14.0,0.25,0.08,4.0,2.2,4.0,0.89,0.13,0.26,0.714,2.0,0.47,0.14,0.64,0.502,0.7360000000000001,11.0,0.25,0.09,2.0,2.27,1.0,0.89,0.13,0.26,0.727,1.0,0.45,0.13,0.64,0.482,0.734,14.0,0.25,0.08,4.0,2.2,4.0,0.89,0.13,0.26,0.714,2.0,False,1,2.0,-2,101,1610612756,Phoenix Suns,0,2.0,0.49,0.06,0.61,0.482,0.79,3.0,0.26,0.04,1.0,2.4,1.0,0.87,0.14,0.22,0.6670000000000001,1.0,0.5,0.06,0.58,0.485,0.7799999999999999,4.0,0.24,-0.08,4.0,2.35,2.0,0.83,0.14,0.23,0.5,3.0,0.44,0.08,0.63,0.4789999999999999,0.7760000000000001,14.0,0.22,0.13,2.0,2.25,2.0,0.85,0.12,0.26,0.714,2.0,0.43,0.08,0.63,0.477,0.773,11.0,0.22,0.08,3.0,2.24,3.0,0.84,0.13,0.27,0.727,1.0,0.44,0.08,0.63,0.4789999999999999,0.7760000000000001,14.0,0.22,0.13,2.0,2.25,2.0,0.85,0.12,0.26,0.714,2.0
73,41,2010-05-28,40900306,True,0,2.0,12,96,1610612738,Boston Celtics,1,3.0,0.41,0.09,0.64,0.439,0.75,3.0,0.14,-0.01,3.0,1.87,4.0,0.7799999999999999,0.18,0.23,0.333,4.0,0.44,0.1,0.64,0.46,0.7319999999999999,7.0,0.15,0.13,1.0,1.99,3.0,0.79,0.18,0.26,0.714,1.0,0.45,0.1,0.65,0.464,0.745,16.0,0.17,0.1,3.0,2.0,9.0,0.81,0.18,0.29,0.6880000000000001,3.0,0.46,0.1,0.64,0.463,0.735,13.0,0.17,0.06,5.0,2.0,9.0,0.8000000000000002,0.17,0.28,0.615,4.0,0.45,0.1,0.65,0.464,0.745,16.0,0.17,0.1,3.0,2.0,9.0,0.81,0.18,0.29,0.6880000000000001,3.0,False,1,3.0,-12,84,1610612753,Orlando Magic,0,2.0,0.3,0.11,0.66,0.447,0.733,3.0,0.16,0.01,2.0,1.88,3.0,0.82,0.11,0.34,0.6670000000000001,1.0,0.3,0.11,0.63,0.43,0.7399999999999999,5.0,0.2,-0.02,3.0,1.88,4.0,0.83,0.13,0.33,0.4000000000000001,3.0,0.3499999999999999,0.12,0.65,0.466,0.709,13.0,0.19,0.21,1.0,2.02,7.0,0.84,0.13,0.29,0.769,1.0,0.3699999999999999,0.11,0.67,0.4709999999999999,0.7079999999999999,10.0,0.19,0.22,1.0,2.04,6.0,0.86,0.12,0.28,0.6999999999999998,3.0,0.3499999999999999,0.12,0.65,0.466,0.709,13.0,0.19,0.21,1.0,2.02,7.0,0.84,0.13,0.29,0.769,1.0
74,42,2010-05-29,40900316,False,0,2.0,8,111,1610612747,Los Angeles Lakers,1,3.0,0.51,0.16,0.59,0.465,0.7680000000000001,3.0,0.28,-0.11,4.0,2.21,2.0,0.88,0.1,0.24,0.333,4.0,0.55,0.13,0.59,0.508,0.7680000000000001,5.0,0.27,0.07,2.0,2.38,1.0,0.86,0.14,0.24,0.6,2.0,0.46,0.13,0.64,0.478,0.743,15.0,0.26,0.08,4.0,2.19,4.0,0.9,0.13,0.26,0.733,1.0,0.49,0.15,0.64,0.501,0.7600000000000001,11.0,0.27,0.13,2.0,2.3,1.0,0.9,0.14,0.26,0.818,1.0,0.46,0.13,0.64,0.478,0.743,15.0,0.26,0.08,4.0,2.19,4.0,0.9,0.13,0.26,0.733,1.0,True,1,3.0,-8,103,1610612756,Phoenix Suns,0,2.0,0.42,0.09,0.63,0.473,0.767,3.0,0.28,0.11,1.0,2.32,1.0,0.91,0.14,0.21,0.6670000000000001,1.0,0.48,0.08,0.58,0.481,0.7639999999999999,5.0,0.25,-0.07,4.0,2.3,2.0,0.83,0.14,0.25,0.4000000000000001,3.0,0.44,0.08,0.62,0.478,0.77,15.0,0.23,0.11,2.0,2.24,2.0,0.85,0.13,0.26,0.6670000000000001,4.0,0.44,0.09,0.62,0.4789999999999999,0.77,11.0,0.23,0.09,5.0,2.27,3.0,0.85,0.14,0.27,0.727,2.0,0.44,0.08,0.62,0.478,0.77,15.0,0.23,0.11,2.0,2.24,2.0,0.85,0.13,0.26,0.6670000000000001,4.0
75,47,2010-06-03,40900401,False,1,0.0,-13,89,1610612738,Boston Celtics,0,0.0,0.4,0.07,0.58,0.429,0.789,2.0,0.16,-0.09,4.0,1.96,4.0,0.74,0.13,0.28,0.5,2.0,0.41,0.09,0.64,0.441,0.769,5.0,0.17,0.05,2.0,1.91,3.0,0.81,0.17,0.27,0.6,2.0,0.45,0.1,0.65,0.461,0.749,17.0,0.17,0.11,2.0,2.0,8.0,0.82,0.17,0.29,0.706,3.0,0.45,0.1,0.64,0.456,0.744,12.0,0.18,0.08,3.0,2.0,6.0,0.82,0.16,0.28,0.667,2.0,0.45,0.1,0.65,0.461,0.749,17.0,0.17,0.11,2.0,2.0,8.0,0.82,0.17,0.29,0.706,3.0,True,0,0.0,13,102,1610612747,Los Angeles Lakers,1,0.0,0.49,0.14,0.56,0.46,0.781,3.0,0.32,0.01,2.0,2.22,1.0,0.88,0.12,0.19,0.6670000000000001,1.0,0.52,0.11,0.59,0.502,0.779,6.0,0.27,0.09,1.0,2.36,1.0,0.86,0.14,0.24,0.6670000000000001,1.0,0.46,0.13,0.64,0.477,0.7479999999999999,16.0,0.26,0.08,4.0,2.2,4.0,0.9,0.13,0.25,0.75,1.0,0.47,0.13,0.62,0.498,0.779,10.0,0.28,0.11,2.0,2.33,1.0,0.9,0.14,0.24,0.8000000000000002,1.0,0.46,0.13,0.64,0.477,0.7479999999999999,16.0,0.26,0.08,4.0,2.2,4.0,0.9,0.13,0.25,0.75,1.0
76,50,2010-06-06,40900402,False,0,1.0,9,103,1610612738,Boston Celtics,1,0.0,0.4,0.08,0.59,0.43,0.825,2.0,0.2,-0.01,2.0,1.93,3.0,0.79,0.13,0.32,0.5,2.0,0.4,0.09,0.62,0.435,0.781,5.0,0.16,-0.01,3.0,1.89,3.0,0.78,0.16,0.27,0.4,4.0,0.45,0.1,0.64,0.46,0.755,18.0,0.17,0.09,4.0,1.99,9.0,0.81,0.17,0.29,0.667,3.0,0.43,0.1,0.62,0.45,0.745,11.0,0.17,0.05,3.0,1.98,7.0,0.79,0.16,0.26,0.636,2.0,0.45,0.1,0.64,0.46,0.755,18.0,0.17,0.09,4.0,1.99,9.0,0.81,0.17,0.29,0.667,3.0,True,1,0.0,-9,94,1610612747,Los Angeles Lakers,0,1.0,0.38,0.1,0.59,0.478,0.797,2.0,0.27,0.22,1.0,2.22,1.0,0.86,0.13,0.26,1.0,1.0,0.45,0.14,0.59,0.47,0.783,5.0,0.28,0.02,2.0,2.21,2.0,0.87,0.11,0.25,0.6,1.0,0.45,0.13,0.63,0.478,0.75,17.0,0.26,0.09,3.0,2.2,4.0,0.9,0.13,0.26,0.765,1.0,0.47,0.13,0.61,0.493,0.782,10.0,0.28,0.13,2.0,2.33,1.0,0.89,0.13,0.24,0.8,1.0,0.45,0.13,0.63,0.478,0.75,17.0,0.26,0.09,3.0,2.2,4.0,0.9,0.13,0.26,0.765,1.0
77,52,2010-06-08,40900403,True,1,1.0,-7,84,1610612738,Boston Celtics,0,1.0,0.49,0.08,0.56,0.43,0.806,2.0,0.22,-0.04,2.0,2.0,2.0,0.78,0.11,0.29,0.5,1.0,0.43,0.08,0.62,0.434,0.78,6.0,0.18,0.02,2.0,1.93,3.0,0.81,0.15,0.27,0.5,1.0,0.45,0.1,0.64,0.458,0.756,19.0,0.18,0.09,3.0,2.0,8.0,0.82,0.17,0.29,0.684,3.0,0.44,0.1,0.62,0.448,0.747,12.0,0.18,0.06,3.0,1.99,6.0,0.8,0.16,0.26,0.667,2.0,0.45,0.1,0.64,0.458,0.756,19.0,0.18,0.09,3.0,2.0,8.0,0.82,0.17,0.29,0.684,3.0,False,0,1.0,7,91,1610612747,Los Angeles Lakers,1,1.0,0.38,0.22,0.61,0.449,0.764,2.0,0.23,0.04,1.0,2.04,1.0,0.84,0.15,0.31,0.5,1.0,0.44,0.16,0.59,0.461,0.776,6.0,0.27,-0.01,3.0,2.17,2.0,0.86,0.12,0.26,0.5,1.0,0.45,0.14,0.63,0.474,0.751,18.0,0.26,0.08,4.0,2.18,4.0,0.89,0.14,0.26,0.722,1.0,0.45,0.13,0.59,0.485,0.783,10.0,0.27,0.09,2.0,2.29,1.0,0.85,0.14,0.23,0.7,1.0,0.45,0.14,0.63,0.474,0.751,18.0,0.26,0.08,4.0,2.18,4.0,0.89,0.14,0.26,0.722,1.0
78,54,2010-06-10,40900404,True,0,2.0,7,96,1610612738,Boston Celtics,1,1.0,0.47,0.07,0.56,0.433,0.767,3.0,0.2,-0.08,2.0,1.92,2.0,0.7600000000000001,0.1,0.26,0.333,2.0,0.42,0.08,0.59,0.43,0.775,6.0,0.18,-0.08,4.0,1.9,4.0,0.7799999999999999,0.13,0.28,0.333,3.0,0.45,0.09,0.64,0.457,0.7520000000000001,20.0,0.18,0.08,4.0,1.99,9.0,0.81,0.16,0.29,0.65,3.0,0.44,0.09,0.64,0.45,0.743,12.0,0.17,0.1,2.0,1.98,5.0,0.81,0.16,0.27,0.6670000000000001,2.0,0.45,0.09,0.64,0.457,0.7520000000000001,20.0,0.18,0.08,4.0,1.99,9.0,0.81,0.16,0.29,0.65,3.0,False,1,1.0,-7,89,1610612747,Los Angeles Lakers,0,2.0,0.34,0.19,0.63,0.448,0.7920000000000001,3.0,0.23,0.08,1.0,1.99,1.0,0.86,0.11,0.27,0.6670000000000001,1.0,0.42,0.17,0.59,0.455,0.7879999999999999,6.0,0.27,0.04,2.0,2.11,2.0,0.87,0.11,0.23,0.6670000000000001,1.0,0.44,0.14,0.63,0.473,0.757,19.0,0.26,0.08,3.0,2.17,4.0,0.89,0.13,0.26,0.737,1.0,0.44,0.13,0.59,0.482,0.79,11.0,0.26,0.1,1.0,2.25,2.0,0.86,0.13,0.23,0.727,1.0,0.44,0.14,0.63,0.473,0.757,19.0,0.26,0.08,3.0,2.17,4.0,0.89,0.13,0.26,0.737,1.0
79,57,2010-06-13,40900405,True,0,2.0,6,92,1610612738,Boston Celtics,1,2.0,0.44,0.05,0.58,0.438,0.753,3.0,0.26,0.06,1.0,1.97,1.0,0.83,0.15,0.25,0.6670000000000001,1.0,0.42,0.06,0.58,0.435,0.787,5.0,0.23,0.03,2.0,1.95,3.0,0.82,0.14,0.28,0.6,2.0,0.45,0.09,0.63,0.457,0.755,21.0,0.18,0.08,3.0,1.99,9.0,0.81,0.17,0.28,0.6670000000000001,3.0,0.43,0.08,0.62,0.449,0.754,12.0,0.18,0.09,1.0,1.97,3.0,0.8000000000000002,0.16,0.27,0.6670000000000001,1.0,0.45,0.09,0.63,0.457,0.755,21.0,0.18,0.08,3.0,1.99,9.0,0.81,0.17,0.28,0.6670000000000001,3.0,False,1,2.0,-6,86,1610612747,Los Angeles Lakers,0,2.0,0.31,0.17,0.6,0.436,0.805,3.0,0.2,-0.06,2.0,1.9,2.0,0.81,0.11,0.28,0.333,2.0,0.38,0.15,0.6,0.447,0.811,6.0,0.26,0.05,1.0,2.05,2.0,0.86,0.12,0.26,0.6670000000000001,1.0,0.43,0.14,0.63,0.472,0.759,20.0,0.25,0.07,4.0,2.15,4.0,0.88,0.13,0.26,0.6999999999999998,2.0,0.44,0.13,0.6,0.4829999999999999,0.787,10.0,0.25,0.06,2.0,2.2,2.0,0.85,0.13,0.26,0.6,2.0,0.43,0.14,0.63,0.472,0.759,20.0,0.25,0.07,4.0,2.15,4.0,0.88,0.13,0.26,0.6999999999999998,2.0
80,59,2010-06-15,40900406,False,1,2.0,-22,67,1610612738,Boston Celtics,0,3.0,0.44,0.07,0.58,0.466,0.744,4.0,0.23,0.08,1.0,1.95,1.0,0.81,0.16,0.28,0.75,1.0,0.43,0.08,0.56,0.46,0.77,5.0,0.22,0.01,2.0,1.93,3.0,0.78,0.15,0.28,0.6,1.0,0.44,0.09,0.63,0.461,0.754,22.0,0.18,0.09,3.0,1.99,9.0,0.81,0.17,0.29,0.682,2.0,0.43,0.09,0.61,0.449,0.756,12.0,0.18,0.05,1.0,1.93,3.0,0.79,0.17,0.28,0.667,1.0,0.44,0.09,0.63,0.461,0.754,22.0,0.18,0.09,3.0,1.99,9.0,0.81,0.17,0.29,0.682,2.0,True,0,3.0,22,89,1610612747,Los Angeles Lakers,1,2.0,0.29,0.13,0.55,0.426,0.77,4.0,0.23,-0.08,2.0,1.88,2.0,0.78,0.13,0.28,0.25,2.0,0.32,0.12,0.56,0.444,0.779,6.0,0.25,0.02,1.0,1.99,2.0,0.81,0.13,0.27,0.5,2.0,0.42,0.13,0.62,0.469,0.754,21.0,0.26,0.06,4.0,2.14,4.0,0.88,0.13,0.26,0.667,3.0,0.42,0.12,0.58,0.475,0.775,11.0,0.26,0.04,2.0,2.16,2.0,0.83,0.13,0.26,0.545,2.0,0.42,0.13,0.62,0.469,0.754,21.0,0.26,0.06,4.0,2.14,4.0,0.88,0.13,0.26,0.667,3.0
81,61,2010-06-17,40900407,False,1,3.0,-4,79,1610612738,Boston Celtics,0,3.0,0.38,0.08,0.56,0.441,0.714,4.0,0.22,-0.08,2.0,1.77,2.0,0.78,0.17,0.28,0.5,1.0,0.42,0.08,0.56,0.437,0.758,6.0,0.22,-0.07,2.0,1.84,2.0,0.78,0.15,0.28,0.5,1.0,0.44,0.09,0.63,0.455,0.751,23.0,0.18,0.06,4.0,1.96,9.0,0.81,0.17,0.29,0.652,3.0,0.41,0.09,0.6,0.439,0.764,12.0,0.19,-0.01,2.0,1.88,3.0,0.8,0.16,0.28,0.583,1.0,0.44,0.09,0.63,0.455,0.751,23.0,0.18,0.06,4.0,1.96,9.0,0.81,0.17,0.29,0.652,3.0,True,0,3.0,4,83,1610612747,Los Angeles Lakers,1,3.0,0.29,0.1,0.6,0.428,0.802,4.0,0.24,0.08,1.0,1.85,1.0,0.85,0.16,0.27,0.5,1.0,0.32,0.14,0.61,0.435,0.785,6.0,0.24,0.07,1.0,1.91,1.0,0.85,0.15,0.28,0.5,1.0,0.42,0.13,0.63,0.466,0.759,22.0,0.26,0.08,3.0,2.12,4.0,0.88,0.14,0.26,0.682,2.0,0.42,0.13,0.6,0.471,0.782,12.0,0.26,0.08,1.0,2.14,2.0,0.85,0.15,0.26,0.583,1.0,0.42,0.13,0.63,0.466,0.759,22.0,0.26,0.08,3.0,2.12,4.0,0.88,0.14,0.26,0.682,2.0
